INDICATOR_ID,COUNTRY_ID,YEAR,VALUE,MAGNITUDE,QUALIFIER
#indicator+code,#country+code,#date+year,#indicator+value+num,,
200101,GNB,1970,704.93900,,
200101,GNB,1971,718.36400,,
200101,GNB,1972,732.52300,,
200101,GNB,1973,746.17300,,
200101,GNB,1974,757.67400,,
200101,GNB,1975,765.98900,,
200101,GNB,1976,770.42100,,
200101,GNB,1977,771.73700,,
200101,GNB,1978,772.14200,,
200101,GNB,1979,774.72600,,
200101,GNB,1980,781.67700,,
200101,GNB,1981,793.80600,,
200101,GNB,1982,810.40500,,
200101,GNB,1983,830.20700,,
200101,GNB,1984,851.27600,,
200101,GNB,1985,872.16300,,
200101,GNB,1986,892.52200,,
200101,GNB,1987,912.75400,,
200101,GNB,1988,933.04500,,
200101,GNB,1989,953.79000,,
200101,GNB,1990,975.26100,,
200101,GNB,1991,997.52200,,
200101,GNB,1992,1020.35000,,
200101,GNB,1993,1043.42300,,
200101,GNB,1994,1066.34600,,
200101,GNB,1995,1088.85400,,
200101,GNB,1996,1110.83300,,
200101,GNB,1997,1132.51000,,
200101,GNB,1998,1154.37100,,
200101,GNB,1999,1177.13100,,
200101,GNB,2000,1201.30100,,
200101,GNB,2001,1227.10600,,
200101,GNB,2002,1254.45300,,
200101,GNB,2003,1283.30500,,
200101,GNB,2004,1313.49200,,
200101,GNB,2005,1344.93000,,
200101,GNB,2006,1377.58100,,
200101,GNB,2007,1411.54300,,
200101,GNB,2008,1446.93600,,
200101,GNB,2009,1483.92100,,
200101,GNB,2010,1522.59900,,
200101,GNB,2011,1562.98900,,
200101,GNB,2012,1604.97900,,
200101,GNB,2013,1648.25500,,
200101,GNB,2014,1692.43700,,
200101,GNB,2015,1737.20200,,
200101,GNB,2016,1782.43800,,
200101,GNB,2017,1828.14500,,
200101,GNB,2018,1874.30300,,
200101,GNB,2019,1920.92200,,
200144,GNB,1970,130.86400,,
200144,GNB,1971,134.34500,,
200144,GNB,1972,137.99000,,
200144,GNB,1973,141.38800,,
200144,GNB,1974,144.00900,,
200144,GNB,1975,145.55500,,
200144,GNB,1976,146.60800,,
200144,GNB,1977,146.56700,,
200144,GNB,1978,145.92900,,
200144,GNB,1979,145.46700,,
200144,GNB,1980,145.70800,,
200144,GNB,1981,145.35700,,
200144,GNB,1982,146.06300,,
200144,GNB,1983,147.68100,,
200144,GNB,1984,150.01200,,
200144,GNB,1985,152.91600,,
200144,GNB,1986,155.55600,,
200144,GNB,1987,159.08300,,
200144,GNB,1988,163.38000,,
200144,GNB,1989,168.29300,,
200144,GNB,1990,173.75100,,
200144,GNB,1991,179.36700,,
200144,GNB,1992,185.47600,,
200144,GNB,1993,192.04900,,
200144,GNB,1994,199.09700,,
200144,GNB,1995,206.57200,,
200144,GNB,1996,213.37300,,
200144,GNB,1998,228.41900,,
200144,GNB,1999,236.32600,,
200144,GNB,2000,244.39200,,
200144,GNB,2001,251.49600,,
200144,GNB,2003,266.63400,,
200144,GNB,2004,274.50100,,
200144,GNB,2006,289.53300,,
200144,GNB,2007,296.59600,,
200144,GNB,2008,303.56800,,
200144,GNB,2009,310.50900,,
200144,GNB,2010,317.47100,,
200144,GNB,2011,323.73300,,
200144,GNB,2012,330.24300,,
200144,GNB,2013,336.92800,,
200144,GNB,2014,343.72100,,
200144,GNB,2015,350.62600,,
200144,GNB,2016,357.21200,,
200144,GNB,2017,364.04800,,
200144,GNB,2018,371.32900,,
200144,GNB,2019,379.33700,,
200151,GNB,1970,25.97400,,
200151,GNB,1971,26.90100,,
200151,GNB,1972,27.89100,,
200151,GNB,1973,28.86800,,
200151,GNB,1974,29.73300,,
200151,GNB,1975,30.43000,,
200151,GNB,1976,31.11100,,
200151,GNB,1977,31.41300,,
200151,GNB,1978,31.36800,,
200151,GNB,1979,31.02600,,
200151,GNB,1980,30.40100,,
200151,GNB,1981,30.80300,,
200151,GNB,1982,31.20000,,
200151,GNB,1983,31.54400,,
200151,GNB,1984,31.78600,,
200151,GNB,1985,31.88900,,
200151,GNB,1986,32.21200,,
200151,GNB,1987,32.44000,,
200151,GNB,1988,32.57300,,
200151,GNB,1989,32.62600,,
200151,GNB,1990,32.61300,,
200151,GNB,1991,33.02000,,
200151,GNB,1992,33.33800,,
200151,GNB,1993,33.56400,,
200151,GNB,1994,33.68800,,
200151,GNB,1995,33.70300,,
200151,GNB,1996,34.13700,,
200151,GNB,1997,34.49900,,
200151,GNB,1998,34.78500,,
200151,GNB,1999,34.98200,,
200151,GNB,2000,35.10800,,
200151,GNB,2001,35.56300,,
200151,GNB,2002,35.93800,,
200151,GNB,2003,36.28800,,
200151,GNB,2004,36.66700,,
200151,GNB,2005,37.10700,,
200151,GNB,2006,37.94800,,
200151,GNB,2007,38.84500,,
200151,GNB,2008,39.73200,,
200151,GNB,2009,40.52600,,
200151,GNB,2010,41.21100,,
200151,GNB,2011,42.21200,,
200151,GNB,2012,43.09500,,
200151,GNB,2013,43.97900,,
200151,GNB,2014,45.05200,,
200151,GNB,2015,46.40800,,
200151,GNB,2016,48.44400,,
200151,GNB,2017,50.66800,,
200151,GNB,2018,52.92500,,
200151,GNB,2019,55.00100,,
NY.GDP.MKTP.CN,GNB,2006,309467000000,,
ILO.POP.F.15+.000,GNB,2005,405,,
NY.GDP.MKTP.CD,GNB,1996,270419779.41811,,
NY.GDP.MKTP.KN,GNB,1999,269272609500.00003,,
PA.NUS.ATLS,GNB,2011,471.86610,,
SP.POP.GROW,GNB,2002,2.20411,,
SP.RUR.TOTL.ZS,GNB,2014,58.28500,,
ILO.ETPR.F.15+,GNB,1997,60.30000,,
SP.RUR.TOTL.ZS,GNB,1983,78.80600,,
NY.GNP.MKTP.CN,GNB,1995,65602342800,,
NY.GDP.PCAP.PP.CD,GNB,2006,1259.81238,,
ILO.EMP.MF.15+.000,GNB,2018,754,,
ILO.POP.MF.15+.000,GNB,2009,872,,
SP.DYN.IMRT.IN,GNB,1995,119.20000,,
SH.DYN.AIDS.ZS,GNB,2009,3.80000,,
PA.NUS.ATLS,GNB,2015,591.44950,,
NY.GNP.PCAP.CD,GNB,1986,160,,
ILO.EMP.M.15+.000,GNB,2000,249,,
NY.GDP.MKTP.CD,GNB,2017,1346841897.00437,,
PA.NUS.FCRF,GNB,1996,511.55243,,
ILO.EMP.MF.15+.000,GNB,1991,384,,
NY.GDP.MKTP.KN,GNB,2014,404157872299.99994,,
PA.NUS.ATLS,GNB,1992,106.67560,,
NY.GNP.PCAP.PP.CD,GNB,1992,1070,,
SH.DYN.AIDS.ZS,GNB,2005,3.80000,,
NY.GDP.MKTP.KN,GNB,1979,195378778900,,
NY.GNP.MKTP.CN,GNB,1971,42290800,,
SH.DYN.AIDS.ZS,GNB,2018,3.50000,,
NY.GDP.DEFL.ZS,GNB,2002,100.90377,,
PA.NUS.FCRF,GNB,1977,245.67969,,
ILO.LF.F.15+.000,GNB,2015,347,,
NY.GNP.MKTP.CN,GNB,2003,270480000000,,
NY.GNP.PCAP.PP.CD,GNB,1994,1130,,
SP.DYN.LE00.IN,GNB,1992,47.72600,,
NY.GDP.PCAP.CN,GNB,2000,219391.30992,,
NY.GDP.MKTP.KN,GNB,2002,287242000000,,
SI.POV.DDAY,GNB,1991,43,,
SP.DYN.LE00.IN,GNB,1977,42.97000,,
NY.GDP.PCAP.CN,GNB,1991,14509.99888,,
SP.DYN.LE00.IN,GNB,2015,56.95900,,
ILO.LFPR.MF.15+,GNB,2005,71.50000,,
ILO.LF.MF.15+.000,GNB,1994,440,,
ILO.EMP.M.15+.000,GNB,2008,301,,
PA.NUS.ATLS,GNB,2003,581.20030,,
NY.GNP.PCAP.CN,GNB,1992,22249.23075,,
NY.GDP.PCAP.CN,GNB,2006,224645.22957,,
ILO.ETPR.F.15+,GNB,2010,60.30000,,
NY.GNP.PCAP.PP.CD,GNB,2004,1140,,
PA.NUS.PPPC.RF,GNB,1990,0.23597,,
NY.GDP.MKTP.KD,GNB,2018,1165969815.49882,,
NY.GNP.PCAP.CD,GNB,1984,190.00000,,
SP.DYN.LE00.IN,GNB,1987,46.19000,,
PA.NUS.ATLS,GNB,2004,528.28480,,
PA.NUS.ATLS,GNB,1988,17.07241,,
NY.GDP.MKTP.PP.CD,GNB,2015,2735157083.19315,,
NY.GDP.MKTP.PP.KD,GNB,2005,1847969311.08130,,
NY.GDP.DEFL.ZS,GNB,2010,115.23286,,
NY.GDP.MKTP.PP.KD,GNB,1994,1783730943.37945,,
NY.GDP.MKTP.KN,GNB,1982,202193700300,,
ILO.LF.MF.15+.000,GNB,2011,656,,
NY.GNP.MKTP.CN,GNB,1999,129387098900.00002,,
PA.NUS.PPPC.RF,GNB,2010,0.39783,,
ILO.LFPR.M.15+,GNB,2017,78.10000,,
SP.DYN.IMRT.IN,GNB,1992,126.70000,,
NY.GDP.MKTP.KD.ZG,GNB,2011,8.08478,,
NY.GNP.MKTP.CN,GNB,1985,392692300,,
NY.GDP.MKTP.KD,GNB,1982,470430840.76561,,
PA.NUS.ATLS,GNB,1974,0.60800,,
PA.NUS.ATLS,GNB,1997,583.66940,,
ILO.LF.MF.15+.000,GNB,2001,504,,
NY.GDP.MKTP.KN,GNB,2006,316663832500,,
ILO.POP.F.15+.000,GNB,2006,416,,
NY.GDP.MKTP.PP.KD,GNB,1990,1593199037.17418,,
ILO.ETPR.M.15+,GNB,1997,76.40000,,
ILO.LFPR.F.15+,GNB,2003,64.40000,,
ILO.EMP.MF.15+.000,GNB,1996,429,,
PA.NUS.PPP,GNB,1992,20.78388,,
NY.GNP.PCAP.CN,GNB,1972,64.46842,,
NY.GDP.MKTP.KD.ZG,GNB,2018,3.80000,,
ILO.POP.MF.15+.000,GNB,2000,682,,
XTgov.IMF,GNB,2019,197741000000,,
SP.DYN.LE00.IN,GNB,1983,45.04600,,
NY.GDP.MKTP.KN,GNB,1976,182411212900,,
SP.RUR.TOTL.ZS,GNB,1974,84.21700,,
NY.GNP.PCAP.PP.CD,GNB,2015,1610.00000,,
NY.GDP.MKTP.PP.CD,GNB,2014,2549810850.43615,,
PA.NUS.ATLS,GNB,1996,405.74500,,
PA.NUS.PPP,GNB,2009,193.59024,,
ILO.ETPR.F.15+,GNB,2018,61.30000,,
NY.GNP.PCAP.CN,GNB,1991,13550.75457,,
ILO.EMP.M.15+.000,GNB,2005,279,,
NY.GNP.PCAP.CN,GNB,2004,209475.96179,,
NY.GDP.MKTP.CD,GNB,1973,89374237.28814,,
NY.GDP.MKTP.CD,GNB,1994,235620043.50093,,
NY.GNP.MKTP.CN,GNB,1996,102174597799.99998,,
DT.TDS.DECT.GN.ZS,GNB,1981,3.13576,,
NY.GDP.MKTP.CN,GNB,2011,518288000000,,
ILO.POP.F.15+.000,GNB,1999,346,,
DT.TDS.DECT.GN.ZS,GNB,1998,3.67023,,
NY.GDP.PCAP.CD,GNB,2013,634.48245,,
NY.GDP.PCAP.PP.KD,GNB,2014,1425.77064,,
NY.GDP.PCAP.PP.KD,GNB,1996,1870.87713,,
PA.NUS.FCRF,GNB,2015,591.44951,,
NY.GDP.MKTP.KN,GNB,2003,288875000000,,
ILO.LFPR.M.15+,GNB,1999,81.10000,,
NY.GDP.PCAP.CD,GNB,1976,145.87672,,
ILO.LFPR.MF.15+,GNB,1999,72.50000,,
NY.GNP.PCAP.CN,GNB,2015,365443.92719,,
NY.GDP.PCAP.PP.CD,GNB,1994,1200.05704,,
DT.TDS.DECT.GN.ZS,GNB,2014,0.30461,,
ILO.EMP.MF.15+.000,GNB,2006,535,,
ILO.POP.M.15+.000,GNB,2005,374,,
NY.GDP.MKTP.CD,GNB,1974,98775328.94737,,
NY.GNP.PCAP.CD,GNB,1999,160,,
ILO.ETPR.M.15+,GNB,2013,73.60000,,
NY.GDP.MKTP.KD,GNB,2002,668307149.84049,,
NY.GDP.MKTP.CN,GNB,2007,333565000000,,
NY.GNP.PCAP.CD,GNB,1981,190.00000,,
NY.GDP.MKTP.KD,GNB,1976,424404222.89271,,
NY.GDP.MKTP.KD.ZG,GNB,1978,13.12604,,
NY.GNP.PCAP.CD,GNB,1980,150,,
NY.GDP.MKTP.KD,GNB,1983,454444248.64063,,
NY.GDP.MKTP.CN,GNB,1980,84880000,,
DT.TDS.DECT.GN.ZS,GNB,1976,0.01905,,
ILO.LF.MF.15+.000,GNB,2005,557,,
SP.DYN.IMRT.IN,GNB,1993,124.30000,,
ILO.LF.M.15+.000,GNB,2012,358,,
ILO.LF.F.15+.000,GNB,2013,328,,
PA.NUS.FCRF,GNB,1983,381.06604,,
NY.GDP.MKTP.KD.ZG,GNB,2008,3.20357,,
ILO.LFPR.M.15+,GNB,2012,78.10000,,
PA.NUS.ATLS,GNB,1990,33.62241,,
SH.DYN.AIDS.ZS,GNB,2003,3.60000,,
PA.NUS.PPP,GNB,1993,30.26321,,
ILO.LF.F.15+.000,GNB,2003,246,,
ILO.LF.F.15+.000,GNB,2004,253,,
SP.DYN.IMRT.IN,GNB,1998,111.10000,,
NY.GDP.PCAP.CD,GNB,2007,493.07050,,
SP.DYN.LE00.IN,GNB,1999,49.99900,,
NY.GNP.PCAP.CD,GNB,2018,750,,
NY.GNP.MKTP.CN,GNB,1998,113481650800,,
SP.DYN.LE00.IN,GNB,1993,48.03800,,
NY.GDP.MKTP.KD,GNB,2009,811626276.09603,,
PA.NUS.ATLS,GNB,1976,0.65815,,
PA.NUS.PPP,GNB,2004,183.21323,,
NY.GDP.MKTP.PP.CD,GNB,1997,1679313725.49703,,
ILO.ETPR.MF.15+,GNB,2003,67.20000,,
XTgov.IMF,GNB,2018,168127000000,,
NY.GDP.MKTP.PP.KD,GNB,1998,1591375472.93216,,
PA.NUS.PPPC.RF,GNB,1994,0.18412,,
ILO.LFPR.F.15+,GNB,2004,64.40000,,
PA.NUS.PRVT.PP,GNB,1993,66.71871,,
ILO.LF.M.15+.000,GNB,2017,413,,
DT.TDS.DECT.GN.ZS,GNB,1979,2.10987,,
ILO.ETPR.M.15+,GNB,1996,76.60000,,
ILO.EMP.MF.15+.000,GNB,2009,581,,
NY.GDP.PCAP.PP.CD,GNB,1995,1252.68866,,
SP.POP.GROW,GNB,1972,1.95183,,
SP.DYN.IMRT.IN,GNB,1994,121.80000,,
ILO.LF.MF.15+.000,GNB,1992,420,,
NY.GNP.PCAP.CD,GNB,2002,300,,
PA.NUS.PRVT.PP,GNB,2007,230.19103,,
ILO.LF.M.15+.000,GNB,2010,338,,
ILO.EMP.M.15+.000,GNB,2015,368,,
NY.GDP.MKTP.PP.KD,GNB,2013,2389977062.15985,,
PA.NUS.FCRF,GNB,1997,583.66937,,
DT.TDS.DECT.GN.ZS,GNB,2003,1.69846,,
SP.POP.GROW,GNB,1995,2.08879,,
NY.GDP.MKTP.KD.ZG,GNB,2006,2.30936,,
SP.DYN.IMRT.IN,GNB,2017,55.70000,,
PA.NUS.ATLS,GNB,1984,1.85532,,
NY.GDP.PCAP.CN,GNB,2014,307764.29797,,
ILO.LFPR.MF.15+,GNB,1994,73.20000,,
SP.DYN.LE00.IN,GNB,2005,52.27500,,
NY.GDP.MKTP.KN,GNB,1993,289492954400,,
ILO.POP.F.15+.000,GNB,2003,382,,
SP.POP.GROW,GNB,2008,2.47648,,
ILO.ETPR.F.15+,GNB,2001,59.80000,,
ILO.ETPR.MF.15+,GNB,1994,68.50000,,
NY.GDP.MKTP.CN,GNB,1985,354107700,,
NY.GDP.MKTP.KD,GNB,1980,382058242.39753,,
NY.GDP.MKTP.KD,GNB,1987,527259116.90833,,
NY.GDP.DEFL.ZS,GNB,1992,8.51458,,
SP.DYN.TFRT.IN,GNB,2002,5.64100,,
ILO.LF.MF.15+.000,GNB,2000,493,,
NY.GNP.PCAP.CN,GNB,1994,41204.64671,,
DT.TDS.DECT.GN.ZS,GNB,1986,5.78505,,
PA.NUS.PPPC.RF,GNB,2001,0.27851,,
DT.TDS.DECT.GN.ZS,GNB,1992,3.12315,,
NY.GDP.DEFL.ZS,GNB,1999,51.32034,,
DT.TDS.DECT.GN.ZS,GNB,2010,2.06691,,
NY.GNP.MKTP.CN,GNB,1976,69112300,,
ILO.LFPR.F.15+,GNB,2001,64.40000,,
NY.GDP.MKTP.CN,GNB,1991,14474043100,,
NY.GDP.MKTP.KN,GNB,2000,283886000000,,
PA.NUS.FCRF,GNB,1979,212.72164,,
SP.DYN.TFRT.IN,GNB,2011,4.98700,,
NY.GDP.PCAP.CD,GNB,2014,622.48172,,
NY.GDP.MKTP.CD,GNB,1990,243961995.50979,,
NY.GDP.MKTP.KN,GNB,2011,394429789600,,
SP.DYN.LE00.IN,GNB,1981,44.40200,,
ILO.POP.F.15+.000,GNB,1991,291,,
NY.GDP.PCAP.PP.KD,GNB,1995,1710.25234,,
SH.DYN.AIDS.ZS,GNB,2010,3.80000,,
NY.GDP.PCAP.CN,GNB,1989,6223.26581,,
NY.GDP.MKTP.KN,GNB,1983,195322577200,,
NY.GDP.PCAP.PP.KD,GNB,2005,1374.02639,,
ILO.ETPR.F.15+,GNB,1992,60.60000,,
ILO.ETPR.MF.15+,GNB,2015,67.10000,,
ILO.EMP.F.15+.000,GNB,1995,194,,
ILO.ETPR.F.15+,GNB,1991,60.60000,,
XTgov.IMF,GNB,2012,69512000000,,
ILO.POP.M.15+.000,GNB,1995,297,,
PA.NUS.PPPC.RF,GNB,2015,0.38309,,
NY.GDP.MKTP.KD.ZG,GNB,1982,4.20008,,
NY.GDP.PCAP.CN,GNB,1973,70.66833,,
DT.TDS.DECT.GN.ZS,GNB,2008,1.14483,,
SH.DYN.AIDS.ZS,GNB,1991,0.50000,,
NY.GDP.PCAP.CD,GNB,1984,162.67215,,
SP.DYN.TFRT.IN,GNB,2001,5.73000,,
NY.GDP.PCAP.CN,GNB,2002,231047.31704,,
ILO.LFPR.M.15+,GNB,2005,79.20000,,
NY.GNP.PCAP.CN,GNB,1995,60248.97994,,
NY.GDP.PCAP.PP.CD,GNB,2012,1469.80504,,
PA.NUS.ATLS,GNB,2000,711.97630,,
PA.NUS.ATLS,GNB,1998,589.95180,,
PA.NUS.PPP,GNB,1996,70.78390,,
ILO.LF.MF.15+.000,GNB,1995,451,,
NY.GDP.MKTP.CD,GNB,1975,108985740.15543,,
ILO.ETPR.MF.15+,GNB,2004,67.10000,,
ILO.POP.F.15+.000,GNB,2012,490,,
NY.GDP.PCAP.CD,GNB,1979,153.00619,,
PA.NUS.FCRF,GNB,1993,283.16258,,
PA.NUS.ATLS,GNB,1985,2.46154,,
DT.TDS.DECT.GN.ZS,GNB,1975,0,,
SP.DYN.LE00.IN,GNB,2017,57.67300,,
NY.GDP.MKTP.KD,GNB,2007,760801183.94393,,
NY.GNP.PCAP.PP.CD,GNB,1998,990,,
PA.NUS.ATLS,GNB,1993,155.10620,,
ILO.ETPR.MF.15+,GNB,1995,68.30000,,
ILO.POP.M.15+.000,GNB,2017,529,,
PA.NUS.PPPC.RF,GNB,1992,0.19483,,
NY.GNP.PCAP.PP.CD,GNB,1993,1090,,
ILO.ETPR.F.15+,GNB,2016,61.10000,,
NY.GNP.PCAP.CN,GNB,1974,79.26285,,
PA.NUS.FCRF,GNB,2010,495.27702,,
ILO.ETPR.MF.15+,GNB,2017,67.30000,,
PA.NUS.PPPC.RF,GNB,1999,0.17936,,
DT.TDS.DECT.GN.ZS,GNB,2004,1.90499,,
NY.GNP.MKTP.CN,GNB,2016,716307230600,,
DT.TDS.DECT.GN.ZS,GNB,1974,0,,
NY.GDP.DEFL.ZS,GNB,2015,144.47528,,
SH.DYN.AIDS.ZS,GNB,2000,3.20000,,
ILO.ETPR.F.15+,GNB,1995,60.50000,,
SP.DYN.TFRT.IN,GNB,2003,5.55500,,
PA.NUS.PRVT.PP,GNB,2014,240.11932,,
SP.DYN.LE00.IN,GNB,2006,52.69100,,
SH.DYN.AIDS.ZS,GNB,1997,2.30000,,
SH.DYN.AIDS.ZS,GNB,2007,3.80000,,
SP.POP.GROW,GNB,1986,2.30748,,
NY.GDP.PCAP.PP.KD,GNB,2012,1442.14684,,
NY.GNP.PCAP.CD,GNB,2007,470.00000,,
SP.RUR.TOTL.ZS,GNB,2001,63.37800,,
NY.GDP.PCAP.CD,GNB,2002,331.49387,,
SP.RUR.TOTL.ZS,GNB,1977,83.71300,,
ILO.LF.F.15+.000,GNB,2008,283,,
NY.GDP.DEFL.ZS,GNB,1991,5.16094,,
NY.GDP.MKTP.KD.ZG,GNB,2015,6.13408,,
ILO.POP.MF.15+.000,GNB,2002,717,,
PA.NUS.ATLS,GNB,1979,0.76385,,
ILO.EMP.MF.15+.000,GNB,2004,508,,
DT.TDS.DECT.GN.ZS,GNB,1994,3.46765,,
NY.GDP.MKTP.KN,GNB,1971,143317335900,,
ILO.POP.MF.15+.000,GNB,2019,1150,,
SP.POP.GROW,GNB,2015,2.61051,,
NY.GDP.MKTP.KD,GNB,2003,672106543.99486,,
NY.GDP.MKTP.CD,GNB,1998,206457544.49770,,
NY.GDP.PCAP.CD,GNB,1974,130.36653,,
ILO.EMP.F.15+.000,GNB,1997,201,,
ILO.ETPR.F.15+,GNB,2003,59.80000,,
NY.GDP.MKTP.CN,GNB,1996,109721473400,,
PA.NUS.ATLS,GNB,2005,527.46810,,
NY.GNP.MKTP.CN,GNB,1984,256769200,,
DT.TDS.DECT.GN.ZS,GNB,1987,6.49314,,
NY.GNP.MKTP.CN,GNB,1991,13517175800,,
ILO.EMP.MF.15+.000,GNB,1999,452,,
ILO.EMP.F.15+.000,GNB,2014,315,,
SH.DYN.AIDS.ZS,GNB,1990,0.40000,,
PA.NUS.PPP,GNB,1994,36.51942,,
NY.GDP.MKTP.KD,GNB,2011,917693960.14428,,
NY.GDP.PCAP.CD,GNB,1975,142.28108,,
NY.GNP.MKTP.CN,GNB,2000,254726000000,,
NY.GDP.MKTP.KD.ZG,GNB,2010,4.61097,,
NY.GDP.PCAP.PP.KD,GNB,1997,1954.34666,,
DT.TDS.DECT.GN.ZS,GNB,1988,6.28412,,
ILO.LFPR.M.15+,GNB,2001,80.50000,,
ILO.EMP.MF.15+.000,GNB,2003,495,,
ILO.LF.F.15+.000,GNB,1997,216,,
PA.NUS.PRVT.PP,GNB,1997,225.93625,,
NY.GDP.MKTP.CD,GNB,1986,130225018.75115,,
PA.NUS.FCRF,GNB,1976,238.95049,,
NY.GDP.MKTP.CN,GNB,1990,8202590300,,
NY.GDP.MKTP.KN,GNB,1973,154145688400,,
SH.DYN.AIDS.ZS,GNB,2006,3.80000,,
NY.GDP.MKTP.CN,GNB,1976,73967600,,
NY.GDP.PCAP.CD,GNB,2001,319.67749,,
NY.GNP.PCAP.PP.CD,GNB,2010,1400,,
NY.GNP.PCAP.PP.CD,GNB,2012,1480.00000,,
PA.NUS.FCRF,GNB,1988,297.84822,,
NY.GDP.PCAP.CN,GNB,1974,79.26285,,
SP.DYN.IMRT.IN,GNB,2015,59.50000,,
NY.GDP.MKTP.KD,GNB,1972,354703845.74558,,
SP.RUR.TOTL.ZS,GNB,1981,81.11700,,
ILO.LF.F.15+.000,GNB,2018,378,,
SP.DYN.IMRT.IN,GNB,2014,61.60000,,
ILO.LF.F.15+.000,GNB,2019,388,,
NY.GDP.DEFL.ZS,GNB,1993,12.69174,,
NY.GDP.MKTP.CN,GNB,2015,619725621200,,
ILO.LF.MF.15+.000,GNB,2017,780,,
SP.DYN.TFRT.IN,GNB,1979,6.40100,,
DT.TDS.DECT.GN.ZS,GNB,1972,0,,
NY.GDP.MKTP.KD,GNB,2004,690666107.47889,,
ILO.ETPR.F.15+,GNB,2015,60.90000,,
NY.GDP.PCAP.PP.CD,GNB,1993,1163.54646,,
NY.GDP.MKTP.KN,GNB,1987,226618798400,,
NY.GDP.PCAP.PP.CD,GNB,2015,1574.46116,,
SP.RUR.TOTL.ZS,GNB,2005,61.84300,,
NY.GDP.PCAP.CD,GNB,1990,250.15047,,
NY.GDP.MKTP.PP.CD,GNB,1991,1123340719.01774,,
ILO.POP.M.15+.000,GNB,2013,472,,
NY.GDP.MKTP.KN,GNB,1991,280453652800,,
ILO.LFPR.M.15+,GNB,2009,78.20000,,
SP.DYN.TFRT.IN,GNB,2015,4.70800,,
SP.DYN.LE00.IN,GNB,1996,48.97300,,
NY.GNP.MKTP.CN,GNB,1983,147347700,,
SP.DYN.TFRT.IN,GNB,1982,6.64000,,
SP.RUR.TOTL.ZS,GNB,1976,83.88200,,
NY.GNP.PCAP.CD,GNB,1989,210.00000,,
XTgov.IMF,GNB,1997,51900000000,,
SP.RUR.TOTL.ZS,GNB,1978,83.54300,,
NY.GDP.DEFL.ZS,GNB,1975,0.03995,,
NY.GDP.PCAP.CN,GNB,1999,117396.96678,,
PA.NUS.PRVT.PP,GNB,2010,243.77127,,
NY.GDP.PCAP.CN,GNB,2013,313459.70762,,
ILO.POP.M.15+.000,GNB,2004,364,,
NY.GDP.MKTP.KD,GNB,1979,454575009.45536,,
SP.DYN.IMRT.IN,GNB,2018,54,,
NY.GDP.MKTP.PP.KD,GNB,2006,1890645538.16084,,
PA.NUS.ATLS,GNB,1983,0.90308,,
NY.GNP.PCAP.CD,GNB,1998,160,,
ILO.LFPR.MF.15+,GNB,2013,71.40000,,
PA.NUS.PPP,GNB,2016,237.79049,,
SP.POP.GROW,GNB,1989,2.19901,,
NY.GNP.PCAP.CD,GNB,1979,180,,
NY.GDP.DEFL.ZS,GNB,1979,0.04634,,
ILO.LFPR.M.15+,GNB,2002,80.20000,,
ILO.LF.MF.15+.000,GNB,1991,410,,
ILO.LFPR.MF.15+,GNB,2002,72,,
PA.NUS.PPP,GNB,2000,195.40674,,
ILO.ETPR.MF.15+,GNB,2006,66.80000,,
SH.DYN.AIDS.ZS,GNB,2004,3.70000,,
SP.DYN.TFRT.IN,GNB,1975,6.15000,,
PA.NUS.FCRF,GNB,1985,449.26296,,
ILO.POP.M.15+.000,GNB,1997,308,,
NY.GNP.MKTP.CN,GNB,1987,1423634000,,
SP.DYN.TFRT.IN,GNB,1977,6.24900,,
XTgov.IMF,GNB,2000,65355000000,,
XTgov.IMF,GNB,2006,65687000000,,
NY.GDP.PCAP.CN,GNB,1983,177.93526,,
SP.DYN.TFRT.IN,GNB,1995,6.29400,,
NY.GNP.PCAP.PP.CD,GNB,2005,1200.00000,,
SP.DYN.TFRT.IN,GNB,2010,5.04900,,
ILO.ETPR.M.15+,GNB,1993,77.40000,,
PA.NUS.PPPC.RF,GNB,2017,0.42470,,
NY.GDP.MKTP.PP.KD,GNB,2007,1952336459.90345,,
NY.GDP.MKTP.PP.KD,GNB,1997,2213317140.86030,,
NY.GNP.MKTP.CN,GNB,1979,89246200,,
NY.GDP.MKTP.KN,GNB,2015,428949251400,,
NY.GDP.MKTP.KN,GNB,2005,309516000000,,
DT.TDS.DECT.GN.ZS,GNB,1971,0,,
ILO.POP.M.15+.000,GNB,2018,544,,
NY.GNP.PCAP.CD,GNB,1975,170,,
SP.DYN.LE00.IN,GNB,1994,48.34800,,
DT.TDS.DECT.GN.ZS,GNB,1996,4.41337,,
SP.DYN.LE00.IN,GNB,2010,54.62800,,
ILO.LFPR.MF.15+,GNB,2003,71.90000,,
PA.NUS.ATLS,GNB,1987,8.60013,,
SP.POP.GROW,GNB,1990,2.22616,,
ILO.EMP.MF.15+.000,GNB,1993,402,,
NY.GDP.MKTP.PP.KD,GNB,2009,2082761704.47536,,
PA.NUS.PPP,GNB,2005,187.98498,,
ILO.LFPR.F.15+,GNB,1997,64.90000,,
ILO.ETPR.M.15+,GNB,1992,77.50000,,
ILO.EMP.MF.15+.000,GNB,2017,732,,
SP.RUR.TOTL.ZS,GNB,2018,56.64000,,
ILO.ETPR.M.15+,GNB,2012,73.50000,,
ILO.LFPR.F.15+,GNB,2017,65.60000,,
ILO.ETPR.M.15+,GNB,2003,75.10000,,
NY.GDP.PCAP.CN,GNB,1996,98774.04920,,
NY.GDP.DEFL.ZS,GNB,1994,15.64250,,
ILO.POP.MF.15+.000,GNB,1992,572,,
NY.GNP.PCAP.CN,GNB,1981,127.27581,,
ILO.LF.M.15+.000,GNB,1996,246,,
NY.GNP.MKTP.CN,GNB,1988,2636971800,,
ILO.LFPR.MF.15+,GNB,2009,71.20000,,
NY.GDP.DEFL.ZS,GNB,1990,3.07392,,
PA.NUS.PRVT.PP,GNB,2004,229.27060,,
NY.GDP.PCAP.CD,GNB,1987,190.45259,,
NY.GDP.PCAP.CD,GNB,2008,597.57639,,
SP.POP.GROW,GNB,1997,1.93262,,
ILO.LF.F.15+.000,GNB,1991,189,,
DT.TDS.DECT.GN.ZS,GNB,1991,9.57446,,
NY.GDP.MKTP.PP.KD,GNB,2012,2314615400.60898,,
SP.POP.GROW,GNB,1977,0.17067,,
NY.GDP.MKTP.CN,GNB,1987,1495015000,,
NY.GDP.MKTP.KN,GNB,2018,501140084800.00006,,
SP.POP.GROW,GNB,1994,2.17312,,
NY.GDP.MKTP.PP.CD,GNB,2002,1416688586.04206,,
NY.GDP.PCAP.CN,GNB,1982,153.02892,,
PA.NUS.FCRF,GNB,1982,328.60625,,
NY.GDP.MKTP.CN,GNB,1998,121800000000,,
ILO.POP.MF.15+.000,GNB,2013,975,,
XTgov.IMF,GNB,2010,86281000000,,
ILO.EMP.M.15+.000,GNB,2018,401,,
ILO.LF.MF.15+.000,GNB,2018,802,,
NY.GDP.PCAP.CN,GNB,1975,90.64399,,
ILO.EMP.MF.15+.000,GNB,2000,461,,
NY.GNP.PCAP.CD,GNB,2016,650,,
ILO.LF.MF.15+.000,GNB,1996,458,,
SP.RUR.TOTL.ZS,GNB,1988,72.15900,,
ILO.POP.F.15+.000,GNB,1995,321,,
SP.DYN.IMRT.IN,GNB,2001,102.60000,,
SP.DYN.TFRT.IN,GNB,2004,5.47000,,
SP.RUR.TOTL.ZS,GNB,2016,57.46700,,
NY.GDP.MKTP.KN,GNB,2004,296852000000,,
NY.GNP.MKTP.CN,GNB,2002,283746000000,,
ILO.ETPR.F.15+,GNB,2009,60.20000,,
ILO.EMP.M.15+.000,GNB,2014,358,,
NY.GDP.MKTP.PP.CD,GNB,2011,2354948198.33888,,
NY.GDP.PCAP.CN,GNB,1988,3009.17587,,
NY.GNP.PCAP.CD,GNB,1987,170,,
SP.DYN.IMRT.IN,GNB,2013,63.80000,,
NY.GNP.PCAP.CD,GNB,1990,220.00000,,
ILO.ETPR.F.15+,GNB,2012,60.60000,,
PA.NUS.ATLS,GNB,1989,27.84838,,
NY.GDP.MKTP.KD.ZG,GNB,1989,6.10000,,
ILO.ETPR.MF.15+,GNB,2009,66.70000,,
NY.GDP.MKTP.KD.ZG,GNB,2005,4.26610,,
NY.GNP.PCAP.PP.CD,GNB,2008,1320.00000,,
DT.TDS.DECT.GN.ZS,GNB,1997,3.43466,,
ILO.EMP.MF.15+.000,GNB,2014,672,,
ILO.POP.F.15+.000,GNB,2007,427,,
PA.NUS.PPPC.RF,GNB,2011,0.46641,,
SP.DYN.LE00.IN,GNB,1979,43.69700,,
ILO.EMP.MF.15+.000,GNB,2019,775,,
NY.GDP.MKTP.PP.CD,GNB,2001,1408505138.66408,,
ILO.EMP.MF.15+.000,GNB,2002,482,,
ILO.ETPR.F.15+,GNB,2006,59.90000,,
SP.POP.GROW,GNB,1993,2.23609,,
NY.GDP.PCAP.CN,GNB,2016,391982.95962,,
ILO.POP.F.15+.000,GNB,2010,464,,
PA.NUS.FCRF,GNB,1992,264.69180,,
NY.GDP.DEFL.ZS,GNB,1971,0.02951,,
NY.GDP.MKTP.KD.ZG,GNB,2007,3.26296,,
NY.GNP.PCAP.CN,GNB,1998,98306.04788,,
NY.GNP.PCAP.CN,GNB,1977,87.08433,,
NY.GDP.MKTP.PP.CD,GNB,1994,1279676027.38040,,
NY.GDP.PCAP.CD,GNB,1992,221.79982,,
NY.GDP.DEFL.ZS,GNB,1985,0.15951,,
ILO.LF.F.15+.000,GNB,1995,208,,
PA.NUS.PPP,GNB,1997,93.33872,,
ILO.LFPR.F.15+,GNB,1992,65.10000,,
NY.GDP.MKTP.KN,GNB,2010,364926301900,,
ILO.LFPR.MF.15+,GNB,2017,71.60000,,
DT.TDS.DECT.GN.ZS,GNB,2007,1.52437,,
NY.GDP.MKTP.CD,GNB,2015,1047808175.00057,,
NY.GNP.PCAP.CD,GNB,2015,640,,
XTgov.IMF,GNB,1991,19972000000,,
ILO.LFPR.M.15+,GNB,1991,82.50000,,
ILO.EMP.M.15+.000,GNB,2006,286,,
NY.GDP.MKTP.CN,GNB,2013,516662157299.99994,,
XTgov.IMF,GNB,1993,23925000000,,
NY.GDP.MKTP.KN,GNB,2017,482793916000,,
DT.TDS.DECT.GN.ZS,GNB,2016,0.56594,,
NY.GDP.MKTP.KD.ZG,GNB,1997,6.50000,,
ILO.ETPR.F.15+,GNB,2017,61.20000,,
ILO.EMP.F.15+.000,GNB,2010,280,,
ILO.ETPR.MF.15+,GNB,1999,67.70000,,
PA.NUS.PPP,GNB,2012,214.10654,,
ILO.LFPR.M.15+,GNB,2014,78.10000,,
NY.GDP.MKTP.CN,GNB,2017,783989395300,,
NY.GDP.PCAP.CD,GNB,1972,119.72706,,
PA.NUS.FCRF,GNB,1989,319.00830,,
NY.GDP.PCAP.PP.KD,GNB,1991,1678.61179,,
NY.GDP.MKTP.KD.ZG,GNB,1972,6.37486,,
ILO.ETPR.M.15+,GNB,2015,73.60000,,
NY.GNP.MKTP.CN,GNB,2006,306545814100,,
ILO.ETPR.F.15+,GNB,2014,60.80000,,
SP.RUR.TOTL.ZS,GNB,1991,67.61000,,
DT.TDS.DECT.GN.ZS,GNB,2018,0.56151,,
ILO.POP.M.15+.000,GNB,2008,408,,
ILO.LFPR.MF.15+,GNB,1993,73.30000,,
ILO.POP.MF.15+.000,GNB,1995,617,,
NY.GDP.MKTP.CN,GNB,1972,47224600,,
NY.GNP.PCAP.CN,GNB,1983,177.48309,,
NY.GDP.MKTP.KD,GNB,1971,333447059.54583,,
NY.GDP.MKTP.KD,GNB,1991,652513146.98102,,
NY.GDP.PCAP.PP.CD,GNB,1991,1126.13127,,
ILO.POP.M.15+.000,GNB,1998,314,,
NY.GNP.PCAP.CN,GNB,1986,832.69656,,
SP.DYN.LE00.IN,GNB,1982,44.73300,,
NY.GDP.MKTP.CD,GNB,1972,87702828.56516,,
NY.GDP.MKTP.KD.ZG,GNB,2009,3.36897,,
NY.GNP.PCAP.PP.CD,GNB,2011,1520,,
NY.GNP.PCAP.PP.CD,GNB,2001,1100.00000,,
ILO.LF.M.15+.000,GNB,1992,226,,
NY.GNP.MKTP.CN,GNB,2014,539331440700,,
ILO.LF.M.15+.000,GNB,2002,277,,
NY.GDP.PCAP.CD,GNB,1993,227.02281,,
NY.GDP.PCAP.CD,GNB,1991,257.78918,,
ILO.EMP.MF.15+.000,GNB,1992,393,,
NY.GDP.MKTP.CN,GNB,1977,70769200,,
ILO.EMP.F.15+.000,GNB,2007,256,,
SP.POP.GROW,GNB,1991,2.25691,,
NY.GDP.MKTP.KD,GNB,1989,585155331.55282,,
SP.DYN.TFRT.IN,GNB,1973,6.09800,,
ILO.ETPR.M.15+,GNB,2007,74.10000,,
NY.GDP.MKTP.PP.CD,GNB,1996,1550090772.71714,,
NY.GDP.PCAP.PP.CD,GNB,1997,1482.82463,,
ILO.POP.F.15+.000,GNB,1997,333,,
NY.GNP.MKTP.CN,GNB,2004,275145000000,,
PA.NUS.PPP,GNB,2014,204.27880,,
ILO.POP.MF.15+.000,GNB,2016,1060,,
NY.GDP.MKTP.PP.CD,GNB,2013,2478559683.20767,,
NY.GNP.MKTP.CN,GNB,1997,148164949200,,
NY.GNP.PCAP.CD,GNB,1985,200.00000,,
NY.GNP.PCAP.CN,GNB,1999,109917.33197,,
SP.RUR.TOTL.ZS,GNB,2007,61.06600,,
NY.GNP.MKTP.CN,GNB,1993,34368560000,,
PA.NUS.FCRF,GNB,2008,447.80526,,
NY.GDP.MKTP.KN,GNB,2016,455813509300,,
XTgov.IMF,GNB,1994,36948000000,,
SH.DYN.AIDS.ZS,GNB,1992,0.70000,,
SH.DYN.AIDS.ZS,GNB,2014,3.80000,,
SP.DYN.LE00.IN,GNB,1986,45.90700,,
SP.RUR.TOTL.ZS,GNB,2004,62.22800,,
ILO.EMP.M.15+.000,GNB,1994,223,,
SP.DYN.IMRT.IN,GNB,2006,86.10000,,
ILO.LFPR.MF.15+,GNB,2001,72.10000,,
ILO.LF.M.15+.000,GNB,2016,401,,
NY.GDP.PCAP.CN,GNB,1976,96.00932,,
ILO.POP.M.15+.000,GNB,2002,345,,
NY.GDP.MKTP.CN,GNB,1981,102123100.00000,,
SP.RUR.TOTL.ZS,GNB,1985,76.29600,,
PA.NUS.ATLS,GNB,2006,522.89010,,
PA.NUS.PRVT.PP,GNB,2008,244.86843,,
PA.NUS.PRVT.PP,GNB,2011,248.23581,,
ILO.ETPR.MF.15+,GNB,2007,66.80000,,
PA.NUS.PPPC.RF,GNB,2003,0.32827,,
ILO.POP.M.15+.000,GNB,2014,486,,
NY.GDP.PCAP.CD,GNB,2012,616.41169,,
NY.GDP.PCAP.CD,GNB,2016,661.00765,,
SP.DYN.LE00.IN,GNB,2011,55.14400,,
PA.NUS.PRVT.PP,GNB,2001,243.20326,,
PA.NUS.PPPC.RF,GNB,2002,0.29353,,
NY.GDP.MKTP.CD,GNB,2008,864654795.28715,,
NY.GDP.MKTP.CD,GNB,2018,1458156026.13413,,
SP.DYN.TFRT.IN,GNB,1996,6.20100,,
ILO.EMP.M.15+.000,GNB,1998,240,,
PA.NUS.PRVT.PP,GNB,2012,248.38467,,
NY.GDP.DEFL.ZS,GNB,2017,162.38593,,
NY.GNP.PCAP.PP.CD,GNB,2016,1690,,
PA.NUS.PPPC.RF,GNB,2014,0.41317,,
SP.POP.GROW,GNB,1980,0.89322,,
SP.POP.GROW,GNB,1971,1.88651,,
NY.GDP.DEFL.ZS,GNB,2001,99.12272,,
ILO.POP.F.15+.000,GNB,2011,477,,
SP.DYN.LE00.IN,GNB,1990,47.09500,,
ILO.ETPR.M.15+,GNB,2008,73.90000,,
SP.RUR.TOTL.ZS,GNB,1986,74.96600,,
PA.NUS.ATLS,GNB,2002,696.98820,,
NY.GDP.PCAP.CN,GNB,2012,314694.87059,,
NY.GDP.MKTP.KD.ZG,GNB,2016,6.26281,,
SP.POP.GROW,GNB,1978,0.05247,,
ILO.LFPR.F.15+,GNB,2000,64.40000,,
ILO.EMP.F.15+.000,GNB,2006,249,,
NY.GNP.PCAP.CN,GNB,2018,431722.64221,,
NY.GDP.MKTP.CD,GNB,1983,163577538.32631,,
PA.NUS.PRVT.PP,GNB,2017,242.12261,,
ILO.LFPR.M.15+,GNB,2006,79,,
NY.GDP.MKTP.CD,GNB,2001,392278168.19990,,
ILO.LFPR.F.15+,GNB,1999,64.50000,,
SP.RUR.TOTL.ZS,GNB,2013,58.69000,,
NY.GDP.PCAP.PP.KD,GNB,2008,1392.51554,,
SH.DYN.AIDS.ZS,GNB,1998,2.60000,,
NY.GDP.MKTP.KD.ZG,GNB,1976,4.94346,,
NY.GNP.PCAP.PP.CD,GNB,2006,1250.00000,,
SP.RUR.TOTL.ZS,GNB,1998,64.51200,,
NY.GDP.DEFL.ZS,GNB,1978,0.04444,,
NY.GDP.PCAP.PP.CD,GNB,1990,1060.09314,,
ILO.POP.MF.15+.000,GNB,2004,757,,
PA.NUS.PRVT.PP,GNB,2000,241.97498,,
NY.GDP.MKTP.KN,GNB,2009,348841329700,,
ILO.EMP.MF.15+.000,GNB,1998,444,,
NY.GDP.PCAP.CN,GNB,1971,58.87099,,
NY.GNP.PCAP.PP.CD,GNB,2013,1470,,
ILO.LF.M.15+.000,GNB,2014,380,,
PA.NUS.PPP,GNB,2002,204.58836,,
NY.GDP.MKTP.KN,GNB,1986,220232068400,,
NY.GDP.MKTP.CN,GNB,1971,42290800,,
NY.GDP.MKTP.CN,GNB,1973,52730800.00000,,
NY.GNP.PCAP.CD,GNB,2000,210.00000,,
NY.GDP.PCAP.CD,GNB,1980,141.55953,,
NY.GDP.MKTP.KD.ZG,GNB,1996,11.60000,,
NY.GDP.DEFL.ZS,GNB,1976,0.04055,,
ILO.EMP.F.15+.000,GNB,1994,189,,
NY.GDP.MKTP.KD.ZG,GNB,1981,18.16753,,
NY.GNP.PCAP.CD,GNB,1991,240.00000,,
NY.GDP.MKTP.KD,GNB,1997,862502102.37491,,
NY.GDP.MKTP.CD,GNB,1995,253966922.27820,,
ILO.LF.MF.15+.000,GNB,2013,696,,
NY.GNP.PCAP.CD,GNB,2014,640,,
NY.GDP.MKTP.KD.ZG,GNB,1987,2.90000,,
ILO.LF.M.15+.000,GNB,2009,329,,
NY.GDP.MKTP.PP.KD,GNB,2016,2721440496.65501,,
NY.GDP.MKTP.CN,GNB,2002,289838000000,,
NY.GDP.MKTP.KD,GNB,2008,785173961.94352,,
NY.GDP.MKTP.KD.ZG,GNB,1973,1.10989,,
SP.DYN.LE00.IN,GNB,2013,56.11700,,
NY.GDP.DEFL.ZS,GNB,2011,131.40184,,
NY.GDP.PCAP.PP.CD,GNB,2007,1303.72463,,
NY.GDP.PCAP.CD,GNB,1997,237.12903,,
NY.GNP.MKTP.CN,GNB,1994,43938410200.00001,,
PA.NUS.PRVT.PP,GNB,2016,243.95702,,
XTgov.IMF,GNB,2011,94405000000,,
ILO.ETPR.M.15+,GNB,1994,77.20000,,
SP.DYN.TFRT.IN,GNB,2013,4.85500,,
PA.NUS.PRVT.PP,GNB,1992,46.37693,,
ILO.LF.M.15+.000,GNB,2015,391,,
NY.GDP.PCAP.PP.KD,GNB,2013,1450.00268,,
NY.GDP.MKTP.PP.KD,GNB,2008,2014880872.45425,,
ILO.LFPR.M.15+,GNB,1993,82.30000,,
ILO.LF.M.15+.000,GNB,2019,437,,
ILO.LF.MF.15+.000,GNB,2009,620,,
XTgov.IMF,GNB,2004,70526000000,,
XTgov.IMF,GNB,2016,151372000000,,
SP.DYN.LE00.IN,GNB,1985,45.62700,,
NY.GDP.MKTP.CN,GNB,1978,85130800,,
SP.DYN.LE00.IN,GNB,1989,46.78300,,
PA.NUS.ATLS,GNB,2013,494.04000,,
NY.GNP.PCAP.CD,GNB,1978,160,,
SP.RUR.TOTL.ZS,GNB,1999,64.13500,,
NY.GNP.MKTP.CN,GNB,1975,70993900,,
NY.GDP.PCAP.CN,GNB,2007,236312.31921,,
NY.GDP.MKTP.CD,GNB,2006,591839470.66506,,
PA.NUS.PRVT.PP,GNB,2003,233.34755,,
PA.NUS.PRVT.PP,GNB,1996,155.07479,,
SP.DYN.LE00.IN,GNB,2000,50.36800,,
NY.GNP.PCAP.CN,GNB,2003,210768.28969,,
PA.NUS.FCRF,GNB,1998,589.95177,,
NY.GDP.PCAP.CN,GNB,2003,215753.07507,,
ILO.POP.F.15+.000,GNB,2009,451,,
NY.GDP.DEFL.ZS,GNB,2018,161.69596,,
NY.GDP.PCAP.CN,GNB,2004,213611.50277,,
SP.RUR.TOTL.ZS,GNB,1975,84.05000,,
PA.NUS.PRVT.PP,GNB,1990,18.63575,,
NY.GNP.PCAP.CN,GNB,2008,263402.99716,,
XTgov.IMF,GNB,1995,31296000000,,
NY.GDP.MKTP.CN,GNB,1979,90544700,,
PA.NUS.ATLS,GNB,1981,0.66000,,
PA.NUS.PPP,GNB,1990,7.93389,,
ILO.LF.F.15+.000,GNB,2006,268,,
ILO.LFPR.M.15+,GNB,2004,79.60000,,
PA.NUS.ATLS,GNB,2016,593.00820,,
NY.GDP.PCAP.CN,GNB,1985,406.01092,,
NY.GDP.PCAP.CN,GNB,1970,61.32559,,
SP.DYN.TFRT.IN,GNB,2007,5.24100,,
NY.GNP.PCAP.CD,GNB,2009,560,,
NY.GNP.PCAP.PP.CD,GNB,1991,1050.00000,,
SP.POP.GROW,GNB,1979,0.33409,,
NY.GDP.MKTP.KD.ZG,GNB,1975,7.84558,,
NY.GDP.MKTP.KD.ZG,GNB,1993,2.10000,,
SP.RUR.TOTL.ZS,GNB,2003,62.61300,,
ILO.EMP.MF.15+.000,GNB,1995,422,,
SI.POV.DDAY,GNB,1993,64,,
NY.GNP.PCAP.CN,GNB,2009,259841.99280,,
NY.GDP.MKTP.KN,GNB,1980,164210683200,,
NY.GDP.PCAP.CD,GNB,1978,158.86567,,
ILO.LFPR.MF.15+,GNB,2000,72.30000,,
ILO.ETPR.M.15+,GNB,1991,77.60000,,
NY.GDP.MKTP.CD,GNB,1981,154731969.69697,,
NY.GDP.MKTP.CN,GNB,2009,390403000000,,
ILO.POP.M.15+.000,GNB,1991,267,,
NY.GDP.PCAP.PP.KD,GNB,1998,1378.56501,,
ILO.LFPR.M.15+,GNB,2018,78.10000,,
ILO.EMP.F.15+.000,GNB,1999,207,,
ILO.LFPR.MF.15+,GNB,2012,71.30000,,
NY.GDP.MKTP.KD.ZG,GNB,1992,1.10000,,
ILO.LF.M.15+.000,GNB,2000,265,,
ILO.EMP.M.15+.000,GNB,2007,293,,
ILO.LF.M.15+.000,GNB,2013,369,,
NY.GNP.PCAP.PP.CD,GNB,1997,1400,,
PA.NUS.FCRF,GNB,2013,494.04004,,
PA.NUS.FCRF,GNB,1991,282.10691,,
NY.GDP.PCAP.CN,GNB,2017,428843.97379,,
NY.GDP.PCAP.CD,GNB,1996,243.43873,,
NY.GDP.MKTP.KN,GNB,2007,326996432300,,
NY.GDP.MKTP.PP.CD,GNB,1999,1251348603.43204,,
ILO.ETPR.MF.15+,GNB,2013,66.90000,,
SP.POP.GROW,GNB,1970,1.79373,,
ILO.LFPR.F.15+,GNB,1991,65.10000,,
ILO.LF.M.15+.000,GNB,1999,260,,
SP.POP.GROW,GNB,2012,2.65107,,
ILO.LF.F.15+.000,GNB,2009,292,,
ILO.POP.M.15+.000,GNB,1994,289,,
NY.GDP.PCAP.CD,GNB,2000,308.14412,,
ILO.LF.M.15+.000,GNB,1991,221,,
XTgov.IMF,GNB,2008,92433000000,,
ILO.LFPR.F.15+,GNB,2018,65.70000,,
SP.DYN.TFRT.IN,GNB,2006,5.31200,,
ILO.LFPR.F.15+,GNB,1998,64.60000,,
NY.GDP.PCAP.CN,GNB,1986,837.95391,,
NY.GDP.PCAP.CD,GNB,1977,148.97719,,
PA.NUS.PPPC.RF,GNB,1993,0.19511,,
SH.DYN.AIDS.ZS,GNB,2016,3.60000,,
NY.GDP.PCAP.CN,GNB,1978,110.25278,,
NY.GDP.DEFL.ZS,GNB,1996,31.52167,,
SP.RUR.TOTL.ZS,GNB,1979,83.23000,,
NY.GDP.DEFL.ZS,GNB,1986,0.33959,,
NY.GDP.MKTP.CD,GNB,1988,164458120.31418,,
SP.DYN.TFRT.IN,GNB,1998,6.00900,,
ILO.LF.MF.15+.000,GNB,2008,603,,
ILO.EMP.F.15+.000,GNB,2012,297,,
NY.GNP.PCAP.CD,GNB,1973,130,,
NY.GDP.MKTP.CD,GNB,2010,849050127.50441,,
ILO.EMP.M.15+.000,GNB,2009,309,,
NY.GNP.PCAP.CN,GNB,1989,5864.13624,,
PA.NUS.PPP,GNB,2017,247.21294,,
PA.NUS.FCRF,GNB,2016,593.00817,,
ILO.POP.M.15+.000,GNB,2006,385,,
NY.GNP.PCAP.CN,GNB,1987,1559.71269,,
NY.GDP.PCAP.PP.KD,GNB,2016,1526.80880,,
SP.RUR.TOTL.ZS,GNB,2006,61.45500,,
NY.GNP.PCAP.CN,GNB,1979,115.19711,,
NY.GDP.DEFL.ZS,GNB,1988,1.18447,,
ILO.EMP.M.15+.000,GNB,2010,318,,
ILO.LFPR.MF.15+,GNB,2015,71.50000,,
ILO.POP.F.15+.000,GNB,2000,354,,
PA.NUS.PPP,GNB,1998,99.75293,,
ILO.POP.MF.15+.000,GNB,2010,897,,
NY.GDP.MKTP.KD.ZG,GNB,2014,0.96456,,
NY.GNP.MKTP.CN,GNB,2005,303486127300,,
NY.GDP.MKTP.KD.ZG,GNB,2012,-1.71268,,
NY.GNP.PCAP.CN,GNB,1975,92.68266,,
ILO.ETPR.MF.15+,GNB,2005,66.90000,,
PA.NUS.PPP,GNB,2003,190.79157,,
NY.GNP.PCAP.CD,GNB,1976,150,,
ILO.LF.F.15+.000,GNB,1992,194,,
SP.DYN.LE00.IN,GNB,1972,41.27600,,
ILO.POP.F.15+.000,GNB,2002,372,,
ILO.ETPR.MF.15+,GNB,2001,67.40000,,
ILO.LFPR.MF.15+,GNB,2004,71.70000,,
NY.GDP.DEFL.ZS,GNB,1977,0.04179,,
NY.GDP.MKTP.PP.CD,GNB,2007,1840263379.42457,,
SP.DYN.LE00.IN,GNB,1984,45.34200,,
PA.NUS.PRVT.PP,GNB,2009,241.68398,,
NY.GDP.DEFL.ZS,GNB,1984,0.12056,,
ILO.POP.M.15+.000,GNB,2011,445,,
NY.GNP.MKTP.CN,GNB,1972,47224600,,
PA.NUS.PPPC.RF,GNB,2012,0.41938,,
NY.GNP.MKTP.CN,GNB,2015,634849921200,,
PA.NUS.PPPC.RF,GNB,2000,0.27446,,
NY.GDP.MKTP.KD,GNB,1973,358640678.15572,,
SP.DYN.IMRT.IN,GNB,1991,129.10000,,
SP.DYN.IMRT.IN,GNB,1985,143.80000,,
PA.NUS.ATLS,GNB,2007,479.26680,,
NY.GNP.PCAP.CD,GNB,1992,240.00000,,
NY.GDP.PCAP.PP.KD,GNB,1993,1656.49162,,
XTgov.IMF,GNB,2009,86270000000,,
ILO.ETPR.MF.15+,GNB,1998,67.90000,,
NY.GDP.MKTP.KN,GNB,1994,298756729000,,
ILO.EMP.MF.15+.000,GNB,2001,471,,
NY.GNP.MKTP.CN,GNB,1980,80358500,,
ILO.EMP.M.15+.000,GNB,2016,379,,
SP.DYN.IMRT.IN,GNB,1996,116.50000,,
ILO.POP.F.15+.000,GNB,1996,326,,
NY.GDP.MKTP.KD,GNB,2005,720130606.90996,,
SP.DYN.LE00.IN,GNB,1997,49.30100,,
NY.GDP.DEFL.ZS,GNB,1970,0.02898,,
ILO.ETPR.MF.15+,GNB,2002,67.30000,,
NY.GDP.PCAP.PP.CD,GNB,2005,1224.22227,,
NY.GDP.MKTP.CD,GNB,2003,476388260.63923,,
PA.NUS.PPPC.RF,GNB,1991,0.22892,,
NY.GDP.DEFL.ZS,GNB,2007,102.00876,,
NY.GDP.MKTP.CD,GNB,2014,1053512334.17271,,
SP.RUR.TOTL.ZS,GNB,1990,69.17000,,
ILO.EMP.M.15+.000,GNB,1999,245,,
SP.RUR.TOTL.ZS,GNB,1984,77.57400,,
NY.GDP.PCAP.CD,GNB,1983,197.03223,,
SP.DYN.LE00.IN,GNB,2002,51.12300,,
NY.GDP.PCAP.CD,GNB,1994,220.96022,,
SP.DYN.LE00.IN,GNB,2007,53.13600,,
SP.POP.GROW,GNB,1988,2.19870,,
NY.GDP.MKTP.PP.KD,GNB,2010,2178797240.58721,,
PA.NUS.PRVT.PP,GNB,1998,240.31192,,
ILO.EMP.MF.15+.000,GNB,2011,615,,
DT.TDS.DECT.GN.ZS,GNB,1982,3.47790,,
ILO.ETPR.MF.15+,GNB,1996,68.20000,,
NY.GDP.MKTP.KD,GNB,1998,620139186.44228,,
PA.NUS.FCRF,GNB,1980,211.27956,,
ILO.LF.M.15+.000,GNB,2005,297,,
NY.GDP.MKTP.PP.KD,GNB,2014,2413029842.85890,,
PA.NUS.ATLS,GNB,2017,582.09460,,
NY.GDP.MKTP.KN,GNB,1975,173818569600,,
NY.GDP.MKTP.KD.ZG,GNB,2003,0.56851,,
XTgov.IMF,GNB,1996,33565000000,,
NY.GDP.MKTP.KD,GNB,2014,940327653.06749,,
NY.GDP.PCAP.PP.KD,GNB,1992,1659.10831,,
ILO.LFPR.F.15+,GNB,2012,65,,
NY.GDP.PCAP.PP.CD,GNB,2018,1795.89519,,
NY.GDP.MKTP.CD,GNB,1977,114971207.20538,,
NY.GNP.PCAP.CN,GNB,1985,450.25104,,
ILO.POP.M.15+.000,GNB,2007,396,,
ILO.POP.M.15+.000,GNB,2009,420,,
DT.TDS.DECT.GN.ZS,GNB,1973,0,,
ILO.ETPR.F.15+,GNB,1998,60,,
SP.RUR.TOTL.ZS,GNB,2002,62.99600,,
NY.GNP.PCAP.CN,GNB,1984,301.62861,,
DT.TDS.DECT.GN.ZS,GNB,1983,3.12111,,
NY.GNP.PCAP.CN,GNB,1988,2826.20002,,
PA.NUS.PPPC.RF,GNB,2013,0.42193,,
SP.POP.GROW,GNB,2004,2.32505,,
NY.GDP.MKTP.CN,GNB,1994,46733020800.00001,,
PA.NUS.FCRF,GNB,2009,472.18629,,
ILO.LFPR.MF.15+,GNB,2011,71.20000,,
NY.GDP.MKTP.KD.ZG,GNB,1983,-3.39829,,
ILO.LF.F.15+.000,GNB,2014,337,,
NY.GDP.MKTP.CD,GNB,1989,213143016.44332,,
NY.GDP.DEFL.ZS,GNB,2013,129.06978,,
ILO.LFPR.MF.15+,GNB,1998,72.70000,,
ILO.POP.MF.15+.000,GNB,1994,602,,
NY.GDP.MKTP.CN,GNB,2003,276877000000,,
SP.RUR.TOTL.ZS,GNB,1989,70.68800,,
NY.GDP.MKTP.KD.ZG,GNB,1986,-0.79385,,
NY.GDP.PCAP.CN,GNB,1993,35212.64540,,
NY.GDP.PCAP.CD,GNB,1995,233.24240,,
ILO.LF.M.15+.000,GNB,1995,242,,
SP.POP.GROW,GNB,2009,2.52397,,
NY.GDP.PCAP.PP.CD,GNB,2011,1506.69531,,
SP.RUR.TOTL.ZS,GNB,1994,65.99800,,
NY.GDP.MKTP.KN,GNB,2012,387674457600,,
NY.GDP.PCAP.CN,GNB,2015,356737.80090,,
NY.GDP.MKTP.KN,GNB,1990,266844579200,,
ILO.LFPR.M.15+,GNB,2010,78.10000,,
SP.DYN.TFRT.IN,GNB,1970,6.04100,,
PA.NUS.FCRF,GNB,2012,510.52714,,
SP.DYN.TFRT.IN,GNB,1976,6.19200,,
SP.DYN.TFRT.IN,GNB,2000,5.82000,,
ILO.LFPR.F.15+,GNB,2014,65.20000,,
NY.GNP.PCAP.CN,GNB,2000,212041.77804,,
PA.NUS.PRVT.PP,GNB,1991,28.17583,,
ILO.ETPR.MF.15+,GNB,1992,68.70000,,
SH.DYN.AIDS.ZS,GNB,2017,3.60000,,
NY.GNP.MKTP.CN,GNB,1990,7844847300,,
NY.GNP.PCAP.CD,GNB,1983,190.00000,,
DT.TDS.DECT.GN.ZS,GNB,1995,6.57182,,
ILO.EMP.M.15+.000,GNB,1997,235,,
ILO.POP.MF.15+.000,GNB,1993,587,,
NY.GDP.MKTP.CN,GNB,1993,36741684100,,
PA.NUS.ATLS,GNB,1970,0.54908,,
NY.GNP.PCAP.CD,GNB,2013,640,,
NY.GDP.MKTP.KN,GNB,1981,194043705300,,
NY.GNP.MKTP.CN,GNB,2009,385584989800,,
NY.GDP.MKTP.CN,GNB,1997,156745000000,,
XTgov.IMF,GNB,1992,22166000000,,
PA.NUS.PRVT.PP,GNB,1995,105.89534,,
NY.GNP.MKTP.CN,GNB,1974,60055400,,
ILO.EMP.MF.15+.000,GNB,2008,565,,
NY.GNP.PCAP.CN,GNB,1980,102.80269,,
SP.POP.GROW,GNB,2016,2.57058,,
SP.POP.GROW,GNB,2014,2.64523,,
NY.GNP.PCAP.CN,GNB,2006,222524.71114,,
NY.GDP.DEFL.ZS,GNB,1987,0.65970,,
ILO.LF.MF.15+.000,GNB,2003,529,,
SI.POV.DDAY,GNB,2002,53.90000,,
ILO.ETPR.F.15+,GNB,2019,61.40000,,
NY.GNP.PCAP.CN,GNB,2013,307456.39024,,
ILO.ETPR.F.15+,GNB,2007,60,,
SH.DYN.AIDS.ZS,GNB,2008,3.80000,,
NY.GDP.MKTP.KN,GNB,1988,237043263100.00003,,
SP.POP.GROW,GNB,2003,2.27392,,
NY.GDP.MKTP.PP.KD,GNB,2000,1694945062.11513,,
PA.NUS.FCRF,GNB,1981,271.73145,,
DT.TDS.DECT.GN.ZS,GNB,2001,1.28113,,
PA.NUS.PPPC.RF,GNB,2006,0.34102,,
NY.GDP.MKTP.KD,GNB,1999,626498945.78459,,
ILO.EMP.F.15+.000,GNB,2005,242,,
SP.DYN.TFRT.IN,GNB,1981,6.56900,,
NY.GDP.PCAP.CD,GNB,2018,777.96992,,
NY.GDP.MKTP.PP.CD,GNB,2018,3366062514.60357,,
ILO.POP.MF.15+.000,GNB,1996,629,,
PA.NUS.FCRF,GNB,1987,300.53656,,
NY.GDP.MKTP.CD,GNB,2016,1178204501.38801,,
NY.GDP.PCAP.PP.KD,GNB,2006,1372.43874,,
SP.RUR.TOTL.ZS,GNB,2015,57.87700,,
NY.GDP.PCAP.PP.CD,GNB,2010,1401.69246,,
ILO.LF.M.15+.000,GNB,1997,250,,
NY.GDP.PCAP.CD,GNB,1999,190.67263,,
SP.RUR.TOTL.ZS,GNB,1972,84.54500,,
SP.POP.GROW,GNB,1999,1.95245,,
SP.DYN.TFRT.IN,GNB,1985,6.73900,,
SP.DYN.IMRT.IN,GNB,1990,131.50000,,
NY.GDP.MKTP.CN,GNB,2012,505078658700,,
SP.DYN.IMRT.IN,GNB,2009,75.60000,,
ILO.POP.M.15+.000,GNB,1996,302,,
SP.POP.GROW,GNB,1976,0.57693,,
NY.GDP.MKTP.KD,GNB,1975,404412282.46123,,
NY.GDP.PCAP.CD,GNB,2015,603.15851,,
NY.GDP.MKTP.CD,GNB,2011,1098379391.95039,,
ILO.ETPR.MF.15+,GNB,1991,68.70000,,
ILO.EMP.F.15+.000,GNB,1991,176,,
NY.GDP.PCAP.CN,GNB,1994,43825.38201,,
SP.RUR.TOTL.ZS,GNB,2009,60.28400,,
ILO.LFPR.M.15+,GNB,2013,78.10000,,
SI.POV.DDAY,GNB,2010,67.10000,,
NY.GDP.MKTP.CD,GNB,1971,78540057.13725,,
XTgov.IMF,GNB,1998,30400000000,,
ILO.LFPR.MF.15+,GNB,2016,71.60000,,
DT.TDS.DECT.GN.ZS,GNB,1999,4.05377,,
PA.NUS.PPP,GNB,1995,51.76905,,
ILO.EMP.F.15+.000,GNB,2001,217,,
SP.POP.GROW,GNB,1983,2.41409,,
SP.POP.GROW,GNB,2001,2.12534,,
NY.GDP.PCAP.CD,GNB,1988,176.25958,,
NY.GDP.PCAP.CD,GNB,1971,109.33184,,
NY.GDP.MKTP.CD,GNB,1997,268550998.21920,,
ILO.POP.MF.15+.000,GNB,2014,1004,,
NY.GDP.DEFL.ZS,GNB,2004,94.51747,,
PA.NUS.FCRF,GNB,1999,615.69913,,
SP.DYN.LE00.IN,GNB,2016,57.32800,,
PA.NUS.FCRF,GNB,2003,581.20031,,
NY.GDP.MKTP.KD,GNB,1970,347018853.99961,,
NY.GNP.PCAP.CN,GNB,1973,70.66833,,
ILO.POP.MF.15+.000,GNB,2008,847,,
NY.GDP.MKTP.KD.ZG,GNB,1985,4.16649,,
ILO.ETPR.MF.15+,GNB,2011,66.70000,,
NY.GDP.MKTP.KD.ZG,GNB,1974,4.55924,,
NY.GDP.MKTP.PP.CD,GNB,2010,2134215531.75305,,
NY.GNP.MKTP.CN,GNB,1970,43230800,,
ILO.LFPR.F.15+,GNB,2010,64.70000,,
SP.DYN.LE00.IN,GNB,1998,49.64200,,
NY.GDP.DEFL.ZS,GNB,1998,45.69685,,
NY.GNP.MKTP.CN,GNB,1986,743200000,,
NY.GDP.PCAP.PP.KD,GNB,2015,1474.23679,,
ILO.EMP.M.15+.000,GNB,2004,272,,
ILO.POP.MF.15+.000,GNB,2017,1089,,
SP.POP.GROW,GNB,1984,2.50613,,
SP.POP.GROW,GNB,1985,2.42399,,
NY.GDP.PCAP.PP.KD,GNB,2003,1343.97665,,
NY.GDP.MKTP.CN,GNB,2018,810323258900,,
SP.DYN.IMRT.IN,GNB,2010,72.30000,,
NY.GDP.PCAP.PP.CD,GNB,1998,1057.73339,,
XTgov.IMF,GNB,2003,54681000000,,
SP.RUR.TOTL.ZS,GNB,1997,64.88600,,
ILO.ETPR.M.15+,GNB,2011,73.50000,,
ILO.ETPR.F.15+,GNB,2008,60.10000,,
ILO.LFPR.MF.15+,GNB,2014,71.40000,,
NY.GDP.PCAP.PP.KD,GNB,2004,1349.34871,,
NY.GNP.MKTP.CN,GNB,1992,22702002600,,
NY.GDP.MKTP.CN,GNB,1975,69432300,,
NY.GNP.MKTP.CN,GNB,1981,101032300,,
NY.GDP.PCAP.CD,GNB,2004,404.34914,,
PA.NUS.FCRF,GNB,2004,528.28481,,
NY.GNP.PCAP.CN,GNB,1993,32938.28102,,
ILO.ETPR.M.15+,GNB,2000,75.90000,,
NY.GDP.MKTP.CD,GNB,1970,78733594.84119,,
SP.DYN.IMRT.IN,GNB,1989,134,,
XTgov.IMF,GNB,2017,154563000000,,
NY.GDP.MKTP.PP.KD,GNB,1992,1692871162.02342,,
NY.GDP.MKTP.CN,GNB,2001,287555000000,,
ILO.POP.MF.15+.000,GNB,2018,1119,,
NY.GDP.MKTP.CN,GNB,2010,420514999999.99994,,
ILO.LF.MF.15+.000,GNB,1993,430,,
PA.NUS.PPPC.RF,GNB,1998,0.16909,,
SP.DYN.LE00.IN,GNB,1971,40.96100,,
ILO.LF.M.15+.000,GNB,2007,312,,
SP.DYN.IMRT.IN,GNB,2003,96.30000,,
ILO.LFPR.F.15+,GNB,1993,65,,
ILO.LFPR.F.15+,GNB,2015,65.30000,,
SP.POP.GROW,GNB,1975,1.09146,,
SP.RUR.TOTL.ZS,GNB,1993,66.36500,,
NY.GNP.PCAP.CD,GNB,2006,440.00000,,
XTgov.IMF,GNB,2014,128694000000,,
ILO.POP.MF.15+.000,GNB,2007,823,,
ILO.LF.M.15+.000,GNB,1993,232,,
ILO.EMP.MF.15+.000,GNB,2007,549,,
NY.GNP.MKTP.CN,GNB,2013,506767147400,,
PA.NUS.PPPC.RF,GNB,1997,0.15992,,
NY.GNP.PCAP.CD,GNB,1974,150,,
NY.GNP.MKTP.CN,GNB,1977,67206200,,
ILO.POP.MF.15+.000,GNB,2005,779,,
PA.NUS.PPP,GNB,2006,178.31642,,
NY.GDP.PCAP.CD,GNB,2006,429.62227,,
NY.GDP.MKTP.KD.ZG,GNB,2002,-0.98518,,
NY.GNP.PCAP.CN,GNB,2016,401869.59236,,
NY.GDP.MKTP.KN,GNB,1995,311902025100,,
NY.GDP.MKTP.KN,GNB,1989,251502902199.99997,,
NY.GDP.MKTP.KD.ZG,GNB,1988,4.60000,,
ILO.EMP.M.15+.000,GNB,1995,228,,
ILO.LF.F.15+.000,GNB,2011,309,,
NY.GDP.DEFL.ZS,GNB,2005,100.00000,,
NY.GDP.MKTP.KD,GNB,1986,512399530.48607,,
SH.DYN.AIDS.ZS,GNB,1995,1.60000,,
NY.GNP.PCAP.PP.CD,GNB,2003,1100.00000,,
NY.GDP.DEFL.ZS,GNB,2000,92.83832,,
SH.DYN.AIDS.ZS,GNB,1993,1,,
ILO.POP.M.15+.000,GNB,2016,514,,
ILO.LFPR.M.15+,GNB,1995,81.70000,,
XTgov.IMF,GNB,2015,146502000000,,
NY.GNP.PCAP.PP.CD,GNB,1996,1300,,
NY.GDP.MKTP.CD,GNB,1976,112386489.00568,,
NY.GNP.PCAP.CN,GNB,1996,91980.16065,,
SP.POP.GROW,GNB,1982,2.06950,,
SH.DYN.AIDS.ZS,GNB,1999,2.90000,,
PA.NUS.PPP,GNB,2010,197.03493,,
ILO.LFPR.MF.15+,GNB,2008,71.20000,,
NY.GDP.MKTP.CN,GNB,2016,698684930600,,
NY.GNP.PCAP.PP.CD,GNB,2002,1110,,
ILO.LF.F.15+.000,GNB,2017,367,,
ILO.LF.F.15+.000,GNB,2002,239,,
DT.TDS.DECT.GN.ZS,GNB,2017,0.59335,,
ILO.POP.MF.15+.000,GNB,1999,667,,
PA.NUS.FCRF,GNB,1986,346.30590,,
ILO.POP.M.15+.000,GNB,1992,274,,
SP.POP.GROW,GNB,2017,2.53208,,
NY.GDP.MKTP.KN,GNB,1974,161173561900,,
SP.DYN.LE00.IN,GNB,1975,42.26300,,
NY.GDP.MKTP.KN,GNB,1997,370708032900,,
NY.GNP.PCAP.CD,GNB,1982,200.00000,,
DT.TDS.DECT.GN.ZS,GNB,1984,5.20776,,
NY.GNP.MKTP.CN,GNB,1973,52730800.00000,,
SP.DYN.LE00.IN,GNB,2012,55.64500,,
SP.DYN.TFRT.IN,GNB,1974,6.12000,,
NY.GDP.PCAP.CD,GNB,1982,204.24804,,
NY.GNP.PCAP.PP.CD,GNB,2014,1560.00000,,
NY.GNP.PCAP.CD,GNB,1972,120.00000,,
SP.DYN.IMRT.IN,GNB,2007,82.50000,,
SP.RUR.TOTL.ZS,GNB,1982,79.98700,,
PA.NUS.PRVT.PP,GNB,1994,74.89143,,
PA.NUS.ATLS,GNB,1982,0.74923,,
NY.GDP.MKTP.CN,GNB,1989,5935688700,,
SP.DYN.LE00.IN,GNB,2001,50.74400,,
ILO.LFPR.MF.15+,GNB,2019,71.80000,,
NY.GNP.PCAP.CN,GNB,2017,429719.17741,,
ILO.EMP.MF.15+.000,GNB,2013,653,,
NY.GNP.PCAP.PP.CD,GNB,2007,1300,,
ILO.LF.F.15+.000,GNB,2001,233,,
DT.TDS.DECT.GN.ZS,GNB,2002,0.90891,,
PA.NUS.ATLS,GNB,1986,5.74308,,
NY.GDP.MKTP.CD,GNB,1993,236880821.65639,,
NY.GDP.PCAP.PP.KD,GNB,2007,1383.12220,,
ILO.EMP.F.15+.000,GNB,2017,343,,
PA.NUS.FCRF,GNB,2001,733.03851,,
ILO.LFPR.MF.15+,GNB,1995,73,,
NY.GNP.PCAP.PP.CD,GNB,1995,1160,,
ILO.EMP.M.15+.000,GNB,2012,337,,
NY.GNP.PCAP.CD,GNB,1996,240.00000,,
SP.POP.GROW,GNB,2010,2.57308,,
ILO.LFPR.F.15+,GNB,2008,64.60000,,
NY.GDP.PCAP.PP.CD,GNB,2009,1358.99826,,
ILO.LF.MF.15+.000,GNB,2019,825,,
SP.RUR.TOTL.ZS,GNB,1973,84.38200,,
PA.NUS.FCRF,GNB,1971,275.35646,,
SP.RUR.TOTL.ZS,GNB,1995,65.62900,,
NY.GDP.PCAP.CN,GNB,1980,108.58705,,
PA.NUS.PPP,GNB,2018,240.73328,,
NY.GDP.DEFL.ZS,GNB,1981,0.05263,,
NY.GDP.MKTP.KD.ZG,GNB,2004,2.76140,,
NY.GDP.DEFL.ZS,GNB,1974,0.03726,,
ILO.ETPR.M.15+,GNB,1998,76.50000,,
ILO.ETPR.M.15+,GNB,2018,73.70000,,
NY.GNP.PCAP.CN,GNB,2011,333543.29896,,
NY.GDP.MKTP.CN,GNB,2000,263555000000.00003,,
NY.GDP.MKTP.PP.KD,GNB,1996,2078232057.14583,,
NY.GDP.PCAP.PP.CD,GNB,2014,1506.58951,,
NY.GDP.DEFL.ZS,GNB,2016,153.28307,,
ILO.LFPR.F.15+,GNB,2013,65.10000,,
NY.GDP.MKTP.KD,GNB,1981,451468781.14458,,
NY.GDP.DEFL.ZS,GNB,1995,22.63940,,
SP.DYN.TFRT.IN,GNB,1972,6.07800,,
NY.GDP.MKTP.KD,GNB,1974,374991971.17075,,
ILO.EMP.M.15+.000,GNB,1993,218,,
PA.NUS.PRVT.PP,GNB,2015,243.20355,,
PA.NUS.ATLS,GNB,1971,0.53846,,
ILO.POP.F.15+.000,GNB,2008,439,,
SP.DYN.TFRT.IN,GNB,1990,6.62700,,
ILO.POP.M.15+.000,GNB,2000,328,,
SP.DYN.IMRT.IN,GNB,1987,138.70000,,
PA.NUS.ATLS,GNB,1995,278.03910,,
ILO.POP.F.15+.000,GNB,2014,517,,
ILO.EMP.M.15+.000,GNB,2013,347,,
ILO.LF.MF.15+.000,GNB,2014,717,,
NY.GNP.PCAP.PP.CD,GNB,1999,1000.00000,,
ILO.POP.F.15+.000,GNB,2015,532,,
NY.GDP.PCAP.CN,GNB,2010,276182.36975,,
NY.GDP.MKTP.KD,GNB,2006,736761000.67414,,
NY.GDP.PCAP.PP.CD,GNB,2017,1734.71491,,
ILO.ETPR.F.15+,GNB,1993,60.50000,,
NY.GDP.MKTP.CN,GNB,1982,124015400,,
ILO.POP.MF.15+.000,GNB,2001,698,,
SP.DYN.LE00.IN,GNB,1974,41.92500,,
PA.NUS.ATLS,GNB,1991,56.28630,,
PA.NUS.PRVT.PP,GNB,2002,247.30689,,
DT.TDS.DECT.GN.ZS,GNB,1977,1.13297,,
NY.GNP.PCAP.CD,GNB,2012,630,,
NY.GDP.MKTP.KD,GNB,1995,725682015.24867,,
ILO.EMP.F.15+.000,GNB,2009,272,,
NY.GNP.PCAP.CN,GNB,2002,226191.01712,,
ILO.LFPR.M.15+,GNB,1998,81.40000,,
ILO.POP.MF.15+.000,GNB,1998,654,,
NY.GDP.MKTP.PP.KD,GNB,2017,2882527366.41972,,
NY.GDP.MKTP.PP.CD,GNB,2000,1348750834.40082,,
NY.GNP.PCAP.CN,GNB,1982,150.80978,,
NY.GNP.MKTP.CN,GNB,1989,5593154500,,
NY.GDP.MKTP.CD,GNB,2004,531109356.16546,,
NY.GDP.PCAP.PP.KD,GNB,1990,1633.61299,,
SP.DYN.TFRT.IN,GNB,1997,6.10500,,
ILO.POP.F.15+.000,GNB,2019,590,,
ILO.POP.MF.15+.000,GNB,2006,801,,
SP.POP.GROW,GNB,1973,1.84627,,
PA.NUS.PPPC.RF,GNB,2005,0.35639,,
NY.GDP.MKTP.CN,GNB,1988,2807696500,,
SP.DYN.TFRT.IN,GNB,1993,6.45800,,
PA.NUS.PPP,GNB,1999,110.43414,,
XTgov.IMF,GNB,1999,43300000000,,
NY.GDP.MKTP.CD,GNB,1978,122666858.78963,,
NY.GDP.DEFL.ZS,GNB,1997,42.28260,,
ILO.ETPR.MF.15+,GNB,1993,68.60000,,
NY.GNP.PCAP.CN,GNB,1976,89.70719,,
ILO.ETPR.M.15+,GNB,1999,76.20000,,
SP.DYN.TFRT.IN,GNB,2008,5.17400,,
ILO.LF.M.15+.000,GNB,1998,256,,
NY.GDP.MKTP.PP.CD,GNB,2009,2016646058.54382,,
NY.GDP.PCAP.CN,GNB,2009,263088.80324,,
DT.TDS.DECT.GN.ZS,GNB,2011,0.46263,,
NY.GDP.PCAP.PP.KD,GNB,2002,1367.11547,,
ILO.LF.F.15+.000,GNB,2010,301,,
NY.GDP.MKTP.KN,GNB,1996,348082660000,,
ILO.POP.MF.15+.000,GNB,2012,948,,
NY.GNP.PCAP.CD,GNB,1977,140,,
NY.GDP.PCAP.CN,GNB,1981,128.64995,,
NY.GDP.PCAP.CN,GNB,1992,23660.62861,,
PA.NUS.FCRF,GNB,1975,214.31290,,
ILO.ETPR.MF.15+,GNB,2019,67.40000,,
ILO.ETPR.M.15+,GNB,2004,74.90000,,
SP.DYN.IMRT.IN,GNB,1997,113.80000,,
ILO.EMP.M.15+.000,GNB,2019,413,,
ILO.LFPR.F.15+,GNB,1995,65,,
NY.GNP.MKTP.CN,GNB,1982,122217000.00000,,
NY.GDP.MKTP.KN,GNB,2001,290100000000,,
DT.TDS.DECT.GN.ZS,GNB,1970,0,,
ILO.POP.MF.15+.000,GNB,2015,1032,,
NY.GDP.DEFL.ZS,GNB,1989,2.36009,,
NY.GDP.MKTP.CN,GNB,1984,256923100.00000,,
NY.GDP.DEFL.ZS,GNB,2014,128.87843,,
PA.NUS.FCRF,GNB,2002,696.98820,,
PA.NUS.PRVT.PP,GNB,2013,247.75380,,
NY.GDP.MKTP.CN,GNB,2005,309516000000,,
NY.GDP.MKTP.PP.CD,GNB,2006,1735493602.15674,,
SP.RUR.TOTL.ZS,GNB,1970,84.86800,,
ILO.POP.F.15+.000,GNB,1992,298,,
NY.GDP.PCAP.CN,GNB,2008,267597.87579,,
NY.GDP.MKTP.KD,GNB,1988,551513036.22469,,
NY.GDP.PCAP.CN,GNB,2011,331600.54229,,
ILO.LFPR.MF.15+,GNB,1996,72.90000,,
XTgov.IMF,GNB,2002,45510000000,,
PA.NUS.FCRF,GNB,2006,522.89011,,
DT.TDS.DECT.GN.ZS,GNB,1978,0.83910,,
NY.GDP.DEFL.ZS,GNB,1983,0.07563,,
NY.GDP.MKTP.PP.CD,GNB,2003,1451201431.38657,,
ILO.ETPR.F.15+,GNB,1996,60.40000,,
SP.DYN.TFRT.IN,GNB,1991,6.58200,,
SP.DYN.LE00.IN,GNB,1988,46.48100,,
ILO.LF.F.15+.000,GNB,1994,203,,
NY.GNP.PCAP.CD,GNB,2017,680,,
NY.GDP.PCAP.CN,GNB,2005,230135.39738,,
NY.GDP.MKTP.KD.ZG,GNB,2000,5.42699,,
NY.GNP.MKTP.CN,GNB,2012,507828123600,,
NY.GDP.MKTP.PP.KD,GNB,1991,1674452188.43307,,
ILO.LFPR.M.15+,GNB,2003,79.90000,,
NY.GDP.PCAP.PP.KD,GNB,1994,1672.75063,,
SP.DYN.TFRT.IN,GNB,1987,6.71700,,
NY.GDP.PCAP.PP.KD,GNB,2000,1410.92454,,
NY.GNP.PCAP.PP.CD,GNB,2017,1740,,
ILO.LFPR.M.15+,GNB,2007,78.70000,,
NY.GDP.PCAP.CN,GNB,1995,64850.50751,,
ILO.LFPR.F.15+,GNB,2005,64.40000,,
SP.DYN.LE00.IN,GNB,2014,56.55600,,
PA.NUS.FCRF,GNB,1984,436.95667,,
ILO.ETPR.F.15+,GNB,2002,59.90000,,
PA.NUS.ATLS,GNB,1973,0.59000,,
NY.GDP.PCAP.CN,GNB,1990,8410.66166,,
NY.GNP.PCAP.CD,GNB,1995,220.00000,,
ILO.ETPR.M.15+,GNB,2005,74.50000,,
ILO.ETPR.MF.15+,GNB,2014,67,,
NY.GDP.MKTP.CN,GNB,1974,60055400,,
SP.POP.GROW,GNB,2005,2.36527,,
NY.GDP.MKTP.KD,GNB,1992,659690791.40982,,
PA.NUS.PPP,GNB,2001,204.15616,,
NY.GDP.PCAP.CN,GNB,1972,64.46842,,
ILO.LF.MF.15+.000,GNB,2002,516,,
NY.GDP.PCAP.PP.KD,GNB,2001,1411.48836,,
NY.GDP.PCAP.CN,GNB,1984,301.80940,,
SP.DYN.TFRT.IN,GNB,1994,6.38100,,
NY.GDP.MKTP.KN,GNB,1977,169332201300,,
NY.GDP.MKTP.KN,GNB,2013,400296766800.00006,,
SP.RUR.TOTL.ZS,GNB,2000,63.75700,,
NY.GNP.PCAP.CN,GNB,2012,316407.95524,,
NY.GDP.MKTP.CN,GNB,1992,24142122400,,
NY.GDP.MKTP.CD,GNB,1984,138478900.62861,,
SP.DYN.LE00.IN,GNB,2003,51.50100,,
NY.GDP.PCAP.PP.CD,GNB,1996,1395.43097,,
ILO.LFPR.M.15+,GNB,1994,82.10000,,
PA.NUS.ATLS,GNB,2012,510.52710,,
ILO.LF.M.15+.000,GNB,2011,347,,
NY.GDP.MKTP.CD,GNB,1992,226313443.74909,,
NY.GNP.PCAP.CN,GNB,2014,318671.12534,,
NY.GDP.PCAP.CD,GNB,1998,178.84852,,
ILO.ETPR.F.15+,GNB,2013,60.70000,,
NY.GDP.MKTP.CD,GNB,2007,695990208.37663,,
NY.GNP.PCAP.PP.CD,GNB,1990,1010,,
NY.GDP.MKTP.KD,GNB,1984,495840588.59834,,
ILO.POP.F.15+.000,GNB,1998,339,,
NY.GDP.MKTP.CD,GNB,1991,257150374.06971,,
SP.POP.GROW,GNB,2013,2.66077,,
SH.DYN.AIDS.ZS,GNB,2011,3.80000,,
PA.NUS.PPP,GNB,2011,220.08467,,
SP.DYN.TFRT.IN,GNB,2017,4.55300,,
NY.GNP.PCAP.CD,GNB,1988,180,,
NY.GDP.MKTP.CN,GNB,2014,520872300700,,
NY.GDP.PCAP.CD,GNB,1986,145.90679,,
SH.DYN.AIDS.ZS,GNB,2015,3.70000,,
NY.GDP.PCAP.PP.KD,GNB,2018,1596.35546,,
ILO.LF.M.15+.000,GNB,1994,237,,
SP.DYN.IMRT.IN,GNB,2011,69.20000,,
ILO.ETPR.F.15+,GNB,1994,60.50000,,
SP.RUR.TOTL.ZS,GNB,2011,59.49200,,
NY.GDP.PCAP.CN,GNB,1987,1637.91668,,
NY.GDP.DEFL.ZS,GNB,1980,0.05169,,
NY.GDP.MKTP.KD,GNB,1996,809861128.99053,,
PA.NUS.FCRF,GNB,2017,582.09455,,
PA.NUS.FCRF,GNB,2014,494.41495,,
ILO.POP.MF.15+.000,GNB,2003,736,,
PA.NUS.PPPC.RF,GNB,1995,0.18619,,
ILO.LF.M.15+.000,GNB,2018,425,,
SH.DYN.AIDS.ZS,GNB,2013,3.80000,,
ILO.EMP.M.15+.000,GNB,2011,327,,
ILO.POP.F.15+.000,GNB,2004,393,,
SP.POP.GROW,GNB,1987,2.24152,,
ILO.ETPR.MF.15+,GNB,2012,66.80000,,
NY.GDP.MKTP.PP.CD,GNB,2008,1936159737.09493,,
NY.GDP.MKTP.KN,GNB,1992,283538642900,,
ILO.LF.MF.15+.000,GNB,2015,738,,
ILO.LF.F.15+.000,GNB,1996,212,,
ILO.LFPR.M.15+,GNB,1992,82.40000,,
NY.GDP.PCAP.PP.CD,GNB,2016,1648.43833,,
NY.GDP.PCAP.PP.CD,GNB,2000,1122.74179,,
ILO.EMP.F.15+.000,GNB,2013,305,,
ILO.ETPR.MF.15+,GNB,2000,67.60000,,
ILO.EMP.F.15+.000,GNB,1998,204,,
NY.GDP.PCAP.PP.CD,GNB,2001,1147.82679,,
NY.GNP.PCAP.CN,GNB,1970,61.32559,,
NY.GNP.MKTP.CN,GNB,2010,418714253699.99994,,
NY.GDP.MKTP.KD,GNB,2013,931344271.76552,,
NY.GNP.PCAP.CD,GNB,1994,220.00000,,
NY.GDP.PCAP.CN,GNB,1998,105512.00611,,
NY.GDP.DEFL.ZS,GNB,2008,114.73456,,
SP.DYN.TFRT.IN,GNB,2012,4.92300,,
NY.GDP.DEFL.ZS,GNB,1982,0.06133,,
NY.GNP.PCAP.CD,GNB,2011,640,,
ILO.LFPR.MF.15+,GNB,2018,71.70000,,
NY.GDP.PCAP.PP.CD,GNB,1992,1138.41228,,
NY.GDP.MKTP.PP.KD,GNB,1995,1862215105.03144,,
NY.GDP.DEFL.ZS,GNB,2006,97.72730,,
NY.GDP.MKTP.KD,GNB,1994,695097715.70195,,
SP.POP.GROW,GNB,1998,1.91192,,
SP.POP.GROW,GNB,2000,2.03250,,
NY.GDP.MKTP.PP.KD,GNB,1993,1728421456.42054,,
ILO.EMP.F.15+.000,GNB,2011,288,,
NY.GNP.PCAP.CD,GNB,2004,380.00000,,
NY.GDP.PCAP.CD,GNB,1981,194.92416,,
NY.GDP.PCAP.CN,GNB,1979,116.87319,,
ILO.LF.MF.15+.000,GNB,2004,543,,
ILO.ETPR.MF.15+,GNB,2018,67.40000,,
NY.GNP.PCAP.CD,GNB,1993,230.00000,,
NY.GDP.MKTP.CD,GNB,2009,826798659.76628,,
SP.DYN.TFRT.IN,GNB,1980,6.48700,,
NY.GDP.MKTP.CD,GNB,1985,143856253.12725,,
NY.GNP.MKTP.CN,GNB,2011,521324507300,,
ILO.LFPR.M.15+,GNB,2008,78.50000,,
ILO.POP.F.15+.000,GNB,2001,362,,
PA.NUS.FCRF,GNB,1974,240.70467,,
NY.GNP.PCAP.CD,GNB,2008,510,,
NY.GDP.MKTP.KN,GNB,1970,149150566000,,
ILO.LFPR.MF.15+,GNB,2007,71.30000,,
NY.GDP.MKTP.PP.KD,GNB,2003,1724731951.62322,,
ILO.LFPR.M.15+,GNB,2011,78,,
XTgov.IMF,GNB,2001,57642000000,,
NY.GDP.MKTP.KD,GNB,1985,516499751.50265,,
NY.GDP.MKTP.PP.CD,GNB,2016,2938237475.78272,,
ILO.LFPR.MF.15+,GNB,2010,71.20000,,
NY.GNP.MKTP.CN,GNB,2001,275907000000,,
NY.GDP.MKTP.CD,GNB,2013,1045790132.98518,,
NY.GDP.MKTP.KN,GNB,1998,266539150800,,
NY.GDP.MKTP.PP.CD,GNB,2017,3171312121.75070,,
NY.GDP.PCAP.CD,GNB,1985,164.94194,,
ILO.EMP.M.15+.000,GNB,2002,260,,
ILO.EMP.MF.15+.000,GNB,2010,598,,
DT.TDS.DECT.GN.ZS,GNB,1989,5.57281,,
ILO.ETPR.M.15+,GNB,2002,75.40000,,
ILO.ETPR.M.15+,GNB,2001,75.60000,,
NY.GDP.PCAP.CD,GNB,1989,223.46954,,
ILO.LF.M.15+.000,GNB,2001,270,,
NY.GDP.PCAP.CD,GNB,2005,436.30202,,
SP.POP.GROW,GNB,2007,2.43544,,
ILO.LFPR.F.15+,GNB,2007,64.50000,,
NY.GDP.MKTP.PP.CD,GNB,1993,1214071133.44615,,
SP.DYN.LE00.IN,GNB,1991,47.41100,,
SP.RUR.TOTL.ZS,GNB,1980,82.19600,,
ILO.LFPR.MF.15+,GNB,1992,73.40000,,
ILO.LFPR.F.15+,GNB,2011,64.90000,,
NY.GDP.MKTP.PP.CD,GNB,1990,1033867497.16890,,
PA.NUS.ATLS,GNB,2010,495.27700,,
ILO.LF.F.15+.000,GNB,1998,219,,
PA.NUS.ATLS,GNB,1994,198.34060,,
ILO.POP.F.15+.000,GNB,2013,503,,
NY.GNP.PCAP.PP.CD,GNB,2000,1090,,
ILO.EMP.M.15+.000,GNB,1992,213,,
ILO.LF.F.15+.000,GNB,2007,275,,
NY.GDP.MKTP.KD.ZG,GNB,1979,1.99414,,
NY.GDP.DEFL.ZS,GNB,2012,130.28422,,
NY.GDP.PCAP.PP.CD,GNB,2013,1503.74589,,
ILO.ETPR.M.15+,GNB,1995,76.80000,,
ILO.ETPR.F.15+,GNB,2005,59.90000,,
PA.NUS.ATLS,GNB,2018,555.71780,,
SP.RUR.TOTL.ZS,GNB,1987,73.58700,,
SP.DYN.TFRT.IN,GNB,1984,6.72700,,
SP.DYN.IMRT.IN,GNB,2000,105.50000,,
PA.NUS.PPPC.RF,GNB,2018,0.43319,,
NY.GDP.MKTP.KD.ZG,GNB,1980,-15.95265,,
NY.GNP.MKTP.CN,GNB,2017,785589395300,,
ILO.ETPR.M.15+,GNB,2019,73.80000,,
PA.NUS.FCRF,GNB,1973,222.88918,,
NY.GDP.MKTP.CD,GNB,2005,586795675.41620,,
ILO.POP.M.15+.000,GNB,2015,501,,
NY.GDP.PCAP.PP.CD,GNB,2003,1130.83128,,
ILO.POP.M.15+.000,GNB,2012,458,,
ILO.POP.M.15+.000,GNB,2019,560,,
SP.RUR.TOTL.ZS,GNB,2010,59.88900,,
ILO.POP.MF.15+.000,GNB,1997,641,,
ILO.POP.M.15+.000,GNB,1999,321,,
NY.GDP.MKTP.KN,GNB,2008,337471983100,,
SH.DYN.AIDS.ZS,GNB,1994,1.30000,,
ILO.ETPR.MF.15+,GNB,2008,66.70000,,
SP.DYN.TFRT.IN,GNB,1983,6.69400,,
PA.NUS.ATLS,GNB,2001,733.03850,,
NY.GDP.MKTP.CD,GNB,1980,110653830.72270,,
NY.GDP.MKTP.CN,GNB,1983,147723100,,
PA.NUS.ATLS,GNB,1999,615.69910,,
NY.GDP.PCAP.CD,GNB,2011,702.74288,,
PA.NUS.FCRF,GNB,2007,479.26678,,
SP.DYN.TFRT.IN,GNB,2009,5.11000,,
ILO.POP.M.15+.000,GNB,2003,354,,
SH.DYN.AIDS.ZS,GNB,2001,3.40000,,
SP.DYN.IMRT.IN,GNB,2004,92.90000,,
SP.RUR.TOTL.ZS,GNB,2012,59.09200,,
ILO.LFPR.F.15+,GNB,1994,65,,
ILO.LF.F.15+.000,GNB,1993,198,,
SP.DYN.TFRT.IN,GNB,1992,6.52600,,
ILO.POP.M.15+.000,GNB,1993,281,,
PA.NUS.PPP,GNB,1991,12.88482,,
NY.GDP.PCAP.PP.CD,GNB,2004,1165.91743,,
NY.GDP.MKTP.CD,GNB,2012,989327811.78511,,
NY.GDP.MKTP.KD,GNB,2010,849050127.50441,,
ILO.EMP.F.15+.000,GNB,2000,212,,
PA.NUS.PPPC.RF,GNB,2004,0.34681,,
PA.NUS.PPPC.RF,GNB,2007,0.37820,,
DT.TDS.DECT.GN.ZS,GNB,2013,0.14922,,
PA.NUS.FCRF,GNB,2000,711.97627,,
ILO.ETPR.MF.15+,GNB,1997,68,,
ILO.LFPR.M.15+,GNB,2019,78,,
NY.GDP.MKTP.KD.ZG,GNB,1990,6.10000,,
NY.GDP.MKTP.KD.ZG,GNB,2013,3.25590,,
NY.GDP.MKTP.CD,GNB,1979,118537875.13304,,
SP.DYN.IMRT.IN,GNB,2002,99.50000,,
SP.DYN.LE00.IN,GNB,1995,48.65800,,
ILO.LF.MF.15+.000,GNB,2010,638,,
ILO.EMP.M.15+.000,GNB,2001,254,,
NY.GNP.PCAP.CD,GNB,2005,430.00000,,
SP.POP.GROW,GNB,2018,2.49377,,
NY.GDP.MKTP.CN,GNB,2004,280577000000,,
SP.DYN.LE00.IN,GNB,1973,41.59700,,
NY.GDP.MKTP.PP.KD,GNB,1999,1607695623.71826,,
NY.GDP.MKTP.CN,GNB,1995,70612734500,,
SP.DYN.LE00.IN,GNB,1976,42.61200,,
NY.GDP.MKTP.CD,GNB,2002,415843481.99869,,
PA.NUS.PPP,GNB,2015,226.57771,,
ILO.LFPR.F.15+,GNB,1996,65,,
ILO.EMP.MF.15+.000,GNB,2005,521,,
NY.GDP.MKTP.CN,GNB,1970,43230800,,
NY.GDP.MKTP.CD,GNB,1999,224446663.80055,,
SP.DYN.IMRT.IN,GNB,1986,141.10000,,
PA.NUS.FCRF,GNB,1978,225.65586,,
SP.RUR.TOTL.ZS,GNB,1971,84.70700,,
SP.DYN.TFRT.IN,GNB,2014,4.78300,,
NY.GDP.MKTP.KD,GNB,2017,1123284986.04762,,
ILO.EMP.M.15+.000,GNB,2017,390,,
ILO.LFPR.F.15+,GNB,2009,64.60000,,
ILO.ETPR.M.15+,GNB,2016,73.60000,,
PA.NUS.ATLS,GNB,1978,0.69400,,
ILO.LF.M.15+.000,GNB,2004,290,,
ILO.LF.M.15+.000,GNB,2006,304,,
NY.GDP.MKTP.KD,GNB,2000,660498964.42588,,
NY.GDP.PCAP.PP.CD,GNB,2002,1129.32775,,
NY.GDP.MKTP.PP.CD,GNB,2012,2359006229.08364,,
NY.GDP.DEFL.ZS,GNB,1972,0.03098,,
XTgov.IMF,GNB,2005,68028000000,,
NY.GDP.PCAP.CD,GNB,1970,111.68852,,
ILO.LFPR.F.15+,GNB,2006,64.40000,,
SP.DYN.LE00.IN,GNB,2008,53.61200,,
SP.RUR.TOTL.ZS,GNB,2017,57.05500,,
NY.GDP.PCAP.CD,GNB,2010,557.63213,,
NY.GDP.PCAP.CD,GNB,1973,119.77683,,
SP.POP.GROW,GNB,2011,2.61813,,
NY.GDP.PCAP.PP.KD,GNB,2011,1506.69531,,
NY.GNP.MKTP.CN,GNB,1978,80527700,,
SP.DYN.IMRT.IN,GNB,2012,66.20000,,
ILO.LF.F.15+.000,GNB,2016,357,,
DT.TDS.DECT.GN.ZS,GNB,2015,0.32714,,
PA.NUS.ATLS,GNB,1977,0.61554,,
PA.NUS.FCRF,GNB,1995,499.14843,,
NY.GNP.MKTP.CN,GNB,2007,331881678600,,
DT.TDS.DECT.GN.ZS,GNB,2000,1.46266,,
ILO.EMP.F.15+.000,GNB,2002,223,,
NY.GDP.PCAP.CD,GNB,2017,736.72557,,
200144,GNB,1997,220.70700,,
200144,GNB,2002,258.91900,,
200144,GNB,2005,282.36100,,
ILO.POP.F.15+.000,GNB,2018,575,,
ILO.LF.F.15+.000,GNB,2000,228,,
DT.TDS.DECT.GN.ZS,GNB,2006,1.67671,,
NY.GDP.MKTP.PP.KD,GNB,2001,1732045830.08531,,
SP.POP.GROW,GNB,1996,1.99844,,
SP.DYN.TFRT.IN,GNB,2016,4.63100,,
ILO.EMP.F.15+.000,GNB,1996,197,,
ILO.ETPR.F.15+,GNB,1999,59.80000,,
ILO.EMP.M.15+.000,GNB,1996,232,,
NY.GDP.MKTP.PP.KD,GNB,2002,1714982103.84476,,
SP.DYN.IMRT.IN,GNB,1988,136.40000,,
ILO.EMP.F.15+.000,GNB,2018,352,,
ILO.ETPR.MF.15+,GNB,2010,66.70000,,
NY.GDP.MKTP.KD.ZG,GNB,2001,2.18891,,
ILO.POP.F.15+.000,GNB,1993,305,,
ILO.EMP.F.15+.000,GNB,2008,264,,
ILO.EMP.F.15+.000,GNB,2019,363,,
ILO.ETPR.F.15+,GNB,2011,60.40000,,
SP.DYN.TFRT.IN,GNB,1999,5.91300,,
PA.NUS.PPP,GNB,2013,208.45258,,
NY.GDP.MKTP.KN,GNB,1984,213114946300,,
NY.GDP.MKTP.KD,GNB,2016,1060511440.73317,,
ILO.EMP.F.15+.000,GNB,1992,180,,
SP.RUR.TOTL.ZS,GNB,2008,60.67500,,
NY.GDP.MKTP.KD.ZG,GNB,1984,9.10922,,
NY.GDP.MKTP.KD.ZG,GNB,1994,3.20000,,
ILO.EMP.F.15+.000,GNB,2004,235,,
NY.GDP.MKTP.PP.KD,GNB,2015,2561047094.81416,,
PA.NUS.PPPC.RF,GNB,2009,0.40999,,
PA.NUS.FCRF,GNB,2018,555.71783,,
ILO.EMP.F.15+.000,GNB,1993,185,,
ILO.LFPR.F.15+,GNB,2002,64.40000,,
ILO.LFPR.MF.15+,GNB,1991,73.40000,,
ILO.LFPR.M.15+,GNB,1997,81.30000,,
PA.NUS.FCRF,GNB,2005,527.46814,,
ILO.EMP.F.15+.000,GNB,2003,229,,
NY.GDP.MKTP.CN,GNB,1986,747892300,,
ILO.EMP.M.15+.000,GNB,2003,266,,
ILO.LF.F.15+.000,GNB,1999,223,,
ILO.EMP.MF.15+.000,GNB,1997,436,,
ILO.LFPR.M.15+,GNB,2000,80.70000,,
PA.NUS.FCRF,GNB,2011,471.86611,,
NY.GDP.PCAP.CD,GNB,2009,557.17161,,
NY.GDP.MKTP.CN,GNB,1999,138191608900,,
DT.TDS.DECT.GN.ZS,GNB,1980,4.41541,,
ILO.LF.F.15+.000,GNB,2005,261,,
NY.GNP.MKTP.CN,GNB,2018,809181633800,,
SH.DYN.AIDS.ZS,GNB,2012,3.80000,,
SP.DYN.TFRT.IN,GNB,1978,6.32000,,
NY.GDP.MKTP.PP.KD,GNB,2004,1772358734.06579,,
ILO.POP.F.15+.000,GNB,2017,560,,
ILO.LF.M.15+.000,GNB,2003,283,,
NY.GDP.MKTP.PP.CD,GNB,1998,1221016745.60252,,
NY.GDP.PCAP.CD,GNB,2003,371.21983,,
PA.NUS.PPPC.RF,GNB,1996,0.17445,,
NY.GDP.MKTP.CD,GNB,1987,173836362.01068,,
PA.NUS.FCRF,GNB,1994,555.20470,,
PA.NUS.ATLS,GNB,2014,494.41500,,
NY.GDP.MKTP.KD.ZG,GNB,1998,-28.09998,,
ILO.LFPR.F.15+,GNB,2019,65.80000,,
NY.GNP.PCAP.CD,GNB,2003,330,,
NY.GDP.MKTP.KD,GNB,2015,998008131.22506,,
SP.DYN.IMRT.IN,GNB,2008,79,,
NY.GDP.MKTP.KN,GNB,1972,152453616700,,
NY.GDP.PCAP.PP.CD,GNB,1999,1063.04957,,
SP.DYN.TFRT.IN,GNB,1988,6.69300,,
NY.GNP.PCAP.PP.CD,GNB,2009,1340.00000,,
ILO.LF.MF.15+.000,GNB,2007,587,,
NY.GDP.MKTP.KD,GNB,1990,620849806.69797,,
SP.DYN.LE00.IN,GNB,2009,54.11300,,
NY.GDP.DEFL.ZS,GNB,2003,95.84665,,
NY.GNP.PCAP.CN,GNB,1971,58.87099,,
NY.GDP.MKTP.PP.CD,GNB,2004,1531423221.25185,,
DT.TDS.DECT.GN.ZS,GNB,2009,1.24795,,
ILO.ETPR.M.15+,GNB,2009,73.70000,,
PA.NUS.ATLS,GNB,1980,0.76708,,
SP.RUR.TOTL.ZS,GNB,1996,65.25800,,
NY.GNP.PCAP.CN,GNB,2001,224843.65654,,
SP.DYN.LE00.IN,GNB,1980,44.05600,,
ILO.EMP.MF.15+.000,GNB,2016,712,,
NY.GDP.MKTP.KD.ZG,GNB,1995,4.40000,,
NY.GNP.PCAP.PP.CD,GNB,2018,1790,,
SP.DYN.LE00.IN,GNB,2004,51.88300,,
NY.GDP.MKTP.PP.CD,GNB,1995,1363995056.24485,,
NY.GDP.MKTP.CD,GNB,1982,165523634.50372,,
NY.GDP.PCAP.PP.KD,GNB,2009,1403.55295,,
NY.GDP.MKTP.PP.KD,GNB,2011,2354948198.33888,,
NY.GDP.MKTP.KD,GNB,1993,673544298.02734,,
NY.GDP.PCAP.CN,GNB,2001,234335.90904,,
ILO.LFPR.MF.15+,GNB,2006,71.40000,,
NY.GDP.MKTP.KD.ZG,GNB,1991,5.10000,,
DT.TDS.DECT.GN.ZS,GNB,2012,0.69446,,
PA.NUS.PPP,GNB,2007,181.25938,,
ILO.LFPR.MF.15+,GNB,1997,72.80000,,
ILO.ETPR.M.15+,GNB,2010,73.50000,,
PA.NUS.FCRF,GNB,1970,276.40314,,
NY.GNP.PCAP.CN,GNB,2005,225651.98732,,
NY.GDP.MKTP.KD.ZG,GNB,1971,-3.91097,,
NY.GDP.MKTP.KD.ZG,GNB,1999,1.02554,,
PA.NUS.PRVT.PP,GNB,1999,230.26012,,
SP.RUR.TOTL.ZS,GNB,1992,66.72900,,
PA.NUS.ATLS,GNB,2009,472.18630,,
NY.GDP.PCAP.CN,GNB,1997,138404.95890,,
SP.DYN.TFRT.IN,GNB,2005,5.38900,,
DT.TDS.DECT.GN.ZS,GNB,1993,1.71130,,
NY.GDP.PCAP.PP.KD,GNB,1999,1365.77460,,
NY.GNP.PCAP.CD,GNB,2001,250.00000,,
ILO.LFPR.M.15+,GNB,2016,78,,
PA.NUS.ATLS,GNB,2008,447.80530,,
SP.POP.GROW,GNB,1992,2.26268,,
SP.DYN.TFRT.IN,GNB,1989,6.66300,,
SP.DYN.IMRT.IN,GNB,1999,108.30000,,
NY.GDP.PCAP.PP.CD,GNB,2008,1338.11014,,
NY.GDP.MKTP.KD,GNB,1978,445687360.08959,,
NY.GDP.MKTP.PP.CD,GNB,2005,1646493256.34552,,
ILO.ETPR.F.15+,GNB,2004,59.80000,,
NY.GDP.MKTP.KD,GNB,2001,674956671.26927,,
SP.DYN.LE00.IN,GNB,1970,40.64900,,
NY.GDP.DEFL.ZS,GNB,2009,111.91420,,
NY.GDP.MKTP.KN,GNB,1978,191558819500,,
ILO.ETPR.M.15+,GNB,2014,73.60000,,
NY.GNP.PCAP.CN,GNB,2007,235119.77928,,
NY.GDP.PCAP.PP.KD,GNB,2010,1430.97246,,
PA.NUS.PRVT.PP,GNB,2006,226.30799,,
SP.POP.GROW,GNB,2006,2.39871,,
SP.DYN.TFRT.IN,GNB,1986,6.73400,,
NY.GDP.DEFL.ZS,GNB,1973,0.03421,,
NY.GDP.MKTP.CN,GNB,2008,387197000000,,
SP.DYN.IMRT.IN,GNB,2016,57.50000,,
NY.GDP.MKTP.CD,GNB,2000,370173838.65165,,
NY.GDP.MKTP.PP.CD,GNB,1992,1161578971.32488,,
ILO.POP.MF.15+.000,GNB,2011,922,,
ILO.LF.MF.15+.000,GNB,2016,759,,
SP.POP.GROW,GNB,1981,1.53975,,
ILO.LF.MF.15+.000,GNB,1998,475,,
DT.TDS.DECT.GN.ZS,GNB,1990,3.61120,,
ILO.LF.MF.15+.000,GNB,2012,676,,
XTgov.IMF,GNB,2013,68047000000,,
ILO.POP.F.15+.000,GNB,1994,313,,
NY.GNP.PCAP.CD,GNB,1997,240.00000,,
ILO.ETPR.M.15+,GNB,2006,74.30000,,
PA.NUS.PPPC.RF,GNB,2008,0.44658,,
NY.GDP.PCAP.CN,GNB,2018,432331.73340,,
ILO.EMP.MF.15+.000,GNB,2012,634,,
SH.DYN.AIDS.ZS,GNB,2002,3.50000,,
SP.DYN.LE00.IN,GNB,1978,43.33300,,
PA.NUS.ATLS,GNB,1975,0.63708,,
ILO.LFPR.M.15+,GNB,2015,78,,
ILO.POP.M.15+.000,GNB,2001,336,,
ILO.EMP.MF.15+.000,GNB,1994,412,,
NY.GDP.MKTP.KN,GNB,1985,221994365399.99997,,
PA.NUS.PRVT.PP,GNB,2005,229.12968,,
ILO.LFPR.F.15+,GNB,2016,65.40000,,
PA.NUS.FCRF,GNB,1972,252.02763,,
NY.GNP.PCAP.CN,GNB,2010,274999.69046,,
ILO.POP.F.15+.000,GNB,2016,546,,
ILO.POP.M.15+.000,GNB,2010,433,,
ILO.LF.MF.15+.000,GNB,2006,572,,
NY.GDP.MKTP.KD.ZG,GNB,1977,-7.17007,,
ILO.LFPR.M.15+,GNB,1996,81.50000,,
PA.NUS.ATLS,GNB,1972,0.53846,,
ILO.ETPR.M.15+,GNB,2017,73.70000,,
SH.DYN.AIDS.ZS,GNB,1996,2,,
ILO.EMP.F.15+.000,GNB,2015,324,,
NY.GNP.PCAP.CN,GNB,1978,104.29131,,
SP.POP.GROW,GNB,1974,1.52957,,
XTgov.IMF,GNB,2007,85398000000,,
ILO.EMP.F.15+.000,GNB,2016,333,,
NY.GDP.MKTP.KD.ZG,GNB,2017,5.91918,,
ILO.LF.MF.15+.000,GNB,1997,466,,
NY.GNP.PCAP.CD,GNB,2010,580,,
PA.NUS.PPP,GNB,2008,199.98195,,
NY.GDP.PCAP.PP.KD,GNB,2017,1576.74899,,
PA.NUS.FCRF,GNB,1990,272.26479,,
ILO.EMP.M.15+.000,GNB,1991,208,,
ILO.POP.MF.15+.000,GNB,1991,558,,
ILO.LF.MF.15+.000,GNB,1999,483,,
ILO.LF.M.15+.000,GNB,2008,320,,
SP.DYN.TFRT.IN,GNB,1971,6.06000,,
SP.DYN.IMRT.IN,GNB,2005,89.50000,,
NY.GNP.MKTP.CN,GNB,2008,381127279100,,
NY.GNP.PCAP.CN,GNB,1997,130828.82200,,
ILO.ETPR.F.15+,GNB,2000,59.90000,,
NY.GDP.MKTP.KD,GNB,1977,393974143.15114,,
NY.GDP.MKTP.PP.KD,GNB,2018,2992063406.29590,,
PA.NUS.PPPC.RF,GNB,2016,0.40099,,
ILO.LF.F.15+.000,GNB,2012,318,,
NY.GNP.PCAP.CN,GNB,1990,8043.84396,,
DT.TDS.DECT.GN.ZS,GNB,1985,5.89598,,
ILO.ETPR.MF.15+,GNB,2016,67.20000,,
NY.GDP.PCAP.CN,GNB,1977,91.70119,,
ILO.EMP.MF.15+.000,GNB,2015,692,,
NY.GDP.MKTP.KD,GNB,2012,901976771.58847,,
DT.TDS.DECT.GN.ZS,GNB,2005,1.10723,,
