Iso3,Area Code,Area,Item Code,Item,Element Code,Element,StartYear,EndYear,Year Code,Year,Unit,Value,Flag
#country+code+v_iso3,,#country+name,#indicator+code,#indicator+name,,,#date+year+start,#date+year+end,,,#indicator+type,#indicator+num,
GNB,175,Guinea-Bissau,21010,Average dietary energy supply adequacy (percent) (3-year average),6121,Value,1999,2001,19992001,1999-2001,%,103,F
GNB,175,Guinea-Bissau,21010,Average dietary energy supply adequacy (percent) (3-year average),6121,Value,2000,2002,20002002,2000-2002,%,105,F
GNB,175,Guinea-Bissau,21010,Average dietary energy supply adequacy (percent) (3-year average),6121,Value,2001,2003,20012003,2001-2003,%,104,F
GNB,175,Guinea-Bissau,21010,Average dietary energy supply adequacy (percent) (3-year average),6121,Value,2002,2004,20022004,2002-2004,%,103,F
GNB,175,Guinea-Bissau,21010,Average dietary energy supply adequacy (percent) (3-year average),6121,Value,2003,2005,20032005,2003-2005,%,103,F
GNB,175,Guinea-Bissau,21010,Average dietary energy supply adequacy (percent) (3-year average),6121,Value,2004,2006,20042006,2004-2006,%,103,F
GNB,175,Guinea-Bissau,21010,Average dietary energy supply adequacy (percent) (3-year average),6121,Value,2005,2007,20052007,2005-2007,%,104,F
GNB,175,Guinea-Bissau,21010,Average dietary energy supply adequacy (percent) (3-year average),6121,Value,2006,2008,20062008,2006-2008,%,104,F
GNB,175,Guinea-Bissau,21010,Average dietary energy supply adequacy (percent) (3-year average),6121,Value,2007,2009,20072009,2007-2009,%,105,F
GNB,175,Guinea-Bissau,21010,Average dietary energy supply adequacy (percent) (3-year average),6121,Value,2008,2010,20082010,2008-2010,%,105,F
GNB,175,Guinea-Bissau,21010,Average dietary energy supply adequacy (percent) (3-year average),6121,Value,2009,2011,20092011,2009-2011,%,105,F
GNB,175,Guinea-Bissau,21010,Average dietary energy supply adequacy (percent) (3-year average),6121,Value,2010,2012,20102012,2010-2012,%,106,F
GNB,175,Guinea-Bissau,21010,Average dietary energy supply adequacy (percent) (3-year average),6121,Value,2011,2013,20112013,2011-2013,%,105,F
GNB,175,Guinea-Bissau,21010,Average dietary energy supply adequacy (percent) (3-year average),6121,Value,2012,2014,20122014,2012-2014,%,104,F
GNB,175,Guinea-Bissau,21010,Average dietary energy supply adequacy (percent) (3-year average),6121,Value,2013,2015,20132015,2013-2015,%,103,F
GNB,175,Guinea-Bissau,21010,Average dietary energy supply adequacy (percent) (3-year average),6121,Value,2014,2016,20142016,2014-2016,%,101,F
GNB,175,Guinea-Bissau,21010,Average dietary energy supply adequacy (percent) (3-year average),6121,Value,2015,2017,20152017,2015-2017,%,100,F
GNB,175,Guinea-Bissau,21010,Average dietary energy supply adequacy (percent) (3-year average),6121,Value,2016,2018,20162018,2016-2018,%,100,F
GNB,175,Guinea-Bissau,21011,Average value of food production (constant 2004-2006 I$/cap) (3-year average),6122,Value,1999,2001,19992001,1999-2001,I$ per person,190,F
GNB,175,Guinea-Bissau,21011,Average value of food production (constant 2004-2006 I$/cap) (3-year average),6122,Value,2000,2002,20002002,2000-2002,I$ per person,191,F
GNB,175,Guinea-Bissau,21011,Average value of food production (constant 2004-2006 I$/cap) (3-year average),6122,Value,2001,2003,20012003,2001-2003,I$ per person,189,F
GNB,175,Guinea-Bissau,21011,Average value of food production (constant 2004-2006 I$/cap) (3-year average),6122,Value,2002,2004,20022004,2002-2004,I$ per person,189,F
GNB,175,Guinea-Bissau,21011,Average value of food production (constant 2004-2006 I$/cap) (3-year average),6122,Value,2003,2005,20032005,2003-2005,I$ per person,191,F
GNB,175,Guinea-Bissau,21011,Average value of food production (constant 2004-2006 I$/cap) (3-year average),6122,Value,2004,2006,20042006,2004-2006,I$ per person,195,F
GNB,175,Guinea-Bissau,21011,Average value of food production (constant 2004-2006 I$/cap) (3-year average),6122,Value,2005,2007,20052007,2005-2007,I$ per person,197,F
GNB,175,Guinea-Bissau,21011,Average value of food production (constant 2004-2006 I$/cap) (3-year average),6122,Value,2006,2008,20062008,2006-2008,I$ per person,204,F
GNB,175,Guinea-Bissau,21011,Average value of food production (constant 2004-2006 I$/cap) (3-year average),6122,Value,2007,2009,20072009,2007-2009,I$ per person,210,F
GNB,175,Guinea-Bissau,21011,Average value of food production (constant 2004-2006 I$/cap) (3-year average),6122,Value,2008,2010,20082010,2008-2010,I$ per person,219,F
GNB,175,Guinea-Bissau,21011,Average value of food production (constant 2004-2006 I$/cap) (3-year average),6122,Value,2009,2011,20092011,2009-2011,I$ per person,217,F
GNB,175,Guinea-Bissau,21011,Average value of food production (constant 2004-2006 I$/cap) (3-year average),6122,Value,2010,2012,20102012,2010-2012,I$ per person,218,F
GNB,175,Guinea-Bissau,21011,Average value of food production (constant 2004-2006 I$/cap) (3-year average),6122,Value,2011,2013,20112013,2011-2013,I$ per person,218,F
GNB,175,Guinea-Bissau,21011,Average value of food production (constant 2004-2006 I$/cap) (3-year average),6122,Value,2012,2014,20122014,2012-2014,I$ per person,218,F
GNB,175,Guinea-Bissau,21011,Average value of food production (constant 2004-2006 I$/cap) (3-year average),6122,Value,2013,2015,20132015,2013-2015,I$ per person,216,F
GNB,175,Guinea-Bissau,21011,Average value of food production (constant 2004-2006 I$/cap) (3-year average),6122,Value,2014,2016,20142016,2014-2016,I$ per person,213,F
GNB,175,Guinea-Bissau,21011,Average value of food production (constant 2004-2006 I$/cap) (3-year average),6122,Value,2015,2017,20152017,2015-2017,I$ per person,140,F
GNB,175,Guinea-Bissau,21012,"Share of dietary energy supply derived from cereals, roots and tubers (kcal/cap/day) (3-year average)",6121,Value,1999,2001,19992001,1999-2001,%,69,F
GNB,175,Guinea-Bissau,21012,"Share of dietary energy supply derived from cereals, roots and tubers (kcal/cap/day) (3-year average)",6121,Value,2000,2002,20002002,2000-2002,%,70,F
GNB,175,Guinea-Bissau,21012,"Share of dietary energy supply derived from cereals, roots and tubers (kcal/cap/day) (3-year average)",6121,Value,2001,2003,20012003,2001-2003,%,70,F
GNB,175,Guinea-Bissau,21012,"Share of dietary energy supply derived from cereals, roots and tubers (kcal/cap/day) (3-year average)",6121,Value,2002,2004,20022004,2002-2004,%,68,F
GNB,175,Guinea-Bissau,21012,"Share of dietary energy supply derived from cereals, roots and tubers (kcal/cap/day) (3-year average)",6121,Value,2003,2005,20032005,2003-2005,%,67,F
GNB,175,Guinea-Bissau,21012,"Share of dietary energy supply derived from cereals, roots and tubers (kcal/cap/day) (3-year average)",6121,Value,2004,2006,20042006,2004-2006,%,66,F
GNB,175,Guinea-Bissau,21012,"Share of dietary energy supply derived from cereals, roots and tubers (kcal/cap/day) (3-year average)",6121,Value,2005,2007,20052007,2005-2007,%,65,F
GNB,175,Guinea-Bissau,21012,"Share of dietary energy supply derived from cereals, roots and tubers (kcal/cap/day) (3-year average)",6121,Value,2006,2008,20062008,2006-2008,%,65,F
GNB,175,Guinea-Bissau,21012,"Share of dietary energy supply derived from cereals, roots and tubers (kcal/cap/day) (3-year average)",6121,Value,2007,2009,20072009,2007-2009,%,64,F
GNB,175,Guinea-Bissau,21012,"Share of dietary energy supply derived from cereals, roots and tubers (kcal/cap/day) (3-year average)",6121,Value,2008,2010,20082010,2008-2010,%,64,F
GNB,175,Guinea-Bissau,21012,"Share of dietary energy supply derived from cereals, roots and tubers (kcal/cap/day) (3-year average)",6121,Value,2009,2011,20092011,2009-2011,%,64,F
GNB,175,Guinea-Bissau,21012,"Share of dietary energy supply derived from cereals, roots and tubers (kcal/cap/day) (3-year average)",6121,Value,2010,2012,20102012,2010-2012,%,63,F
GNB,175,Guinea-Bissau,21012,"Share of dietary energy supply derived from cereals, roots and tubers (kcal/cap/day) (3-year average)",6121,Value,2011,2013,20112013,2011-2013,%,63,F
GNB,175,Guinea-Bissau,21013,Average protein supply (g/cap/day) (3-year average),6123,Value,1999,2001,19992001,1999-2001,g/capita/day,43.3,F
GNB,175,Guinea-Bissau,21013,Average protein supply (g/cap/day) (3-year average),6123,Value,2000,2002,20002002,2000-2002,g/capita/day,44,F
GNB,175,Guinea-Bissau,21013,Average protein supply (g/cap/day) (3-year average),6123,Value,2001,2003,20012003,2001-2003,g/capita/day,43.3,F
GNB,175,Guinea-Bissau,21013,Average protein supply (g/cap/day) (3-year average),6123,Value,2002,2004,20022004,2002-2004,g/capita/day,43,F
GNB,175,Guinea-Bissau,21013,Average protein supply (g/cap/day) (3-year average),6123,Value,2003,2005,20032005,2003-2005,g/capita/day,42.7,F
GNB,175,Guinea-Bissau,21013,Average protein supply (g/cap/day) (3-year average),6123,Value,2004,2006,20042006,2004-2006,g/capita/day,43,F
GNB,175,Guinea-Bissau,21013,Average protein supply (g/cap/day) (3-year average),6123,Value,2005,2007,20052007,2005-2007,g/capita/day,43,F
GNB,175,Guinea-Bissau,21013,Average protein supply (g/cap/day) (3-year average),6123,Value,2006,2008,20062008,2006-2008,g/capita/day,43.3,F
GNB,175,Guinea-Bissau,21013,Average protein supply (g/cap/day) (3-year average),6123,Value,2007,2009,20072009,2007-2009,g/capita/day,43.3,F
GNB,175,Guinea-Bissau,21013,Average protein supply (g/cap/day) (3-year average),6123,Value,2008,2010,20082010,2008-2010,g/capita/day,43.7,F
GNB,175,Guinea-Bissau,21013,Average protein supply (g/cap/day) (3-year average),6123,Value,2009,2011,20092011,2009-2011,g/capita/day,43.7,F
GNB,175,Guinea-Bissau,21013,Average protein supply (g/cap/day) (3-year average),6123,Value,2010,2012,20102012,2010-2012,g/capita/day,43.7,F
GNB,175,Guinea-Bissau,21013,Average protein supply (g/cap/day) (3-year average),6123,Value,2011,2013,20112013,2011-2013,g/capita/day,43.7,F
GNB,175,Guinea-Bissau,21014,Average supply of protein of animal origin (g/cap/day) (3-year average),6123,Value,1999,2001,19992001,1999-2001,g/capita/day,8,F
GNB,175,Guinea-Bissau,21014,Average supply of protein of animal origin (g/cap/day) (3-year average),6123,Value,2000,2002,20002002,2000-2002,g/capita/day,8,F
GNB,175,Guinea-Bissau,21014,Average supply of protein of animal origin (g/cap/day) (3-year average),6123,Value,2001,2003,20012003,2001-2003,g/capita/day,8,F
GNB,175,Guinea-Bissau,21014,Average supply of protein of animal origin (g/cap/day) (3-year average),6123,Value,2002,2004,20022004,2002-2004,g/capita/day,8,F
GNB,175,Guinea-Bissau,21014,Average supply of protein of animal origin (g/cap/day) (3-year average),6123,Value,2003,2005,20032005,2003-2005,g/capita/day,7,F
GNB,175,Guinea-Bissau,21014,Average supply of protein of animal origin (g/cap/day) (3-year average),6123,Value,2004,2006,20042006,2004-2006,g/capita/day,7,F
GNB,175,Guinea-Bissau,21014,Average supply of protein of animal origin (g/cap/day) (3-year average),6123,Value,2005,2007,20052007,2005-2007,g/capita/day,7,F
GNB,175,Guinea-Bissau,21014,Average supply of protein of animal origin (g/cap/day) (3-year average),6123,Value,2006,2008,20062008,2006-2008,g/capita/day,7,F
GNB,175,Guinea-Bissau,21014,Average supply of protein of animal origin (g/cap/day) (3-year average),6123,Value,2007,2009,20072009,2007-2009,g/capita/day,8,F
GNB,175,Guinea-Bissau,21014,Average supply of protein of animal origin (g/cap/day) (3-year average),6123,Value,2008,2010,20082010,2008-2010,g/capita/day,8,F
GNB,175,Guinea-Bissau,21014,Average supply of protein of animal origin (g/cap/day) (3-year average),6123,Value,2009,2011,20092011,2009-2011,g/capita/day,8,F
GNB,175,Guinea-Bissau,21014,Average supply of protein of animal origin (g/cap/day) (3-year average),6123,Value,2010,2012,20102012,2010-2012,g/capita/day,8,F
GNB,175,Guinea-Bissau,21014,Average supply of protein of animal origin (g/cap/day) (3-year average),6123,Value,2011,2013,20112013,2011-2013,g/capita/day,8,F
GNB,175,Guinea-Bissau,22013,"Gross domestic product per capita, PPP, dissemination (constant 2011 international $)",6126,Value,2000,2000,2000,2000,I$,1410.9,X
GNB,175,Guinea-Bissau,22013,"Gross domestic product per capita, PPP, dissemination (constant 2011 international $)",6126,Value,2001,2001,2001,2001,I$,1411.5,X
GNB,175,Guinea-Bissau,22013,"Gross domestic product per capita, PPP, dissemination (constant 2011 international $)",6126,Value,2002,2002,2002,2002,I$,1367.1,X
GNB,175,Guinea-Bissau,22013,"Gross domestic product per capita, PPP, dissemination (constant 2011 international $)",6126,Value,2003,2003,2003,2003,I$,1344,X
GNB,175,Guinea-Bissau,22013,"Gross domestic product per capita, PPP, dissemination (constant 2011 international $)",6126,Value,2004,2004,2004,2004,I$,1349.3,X
GNB,175,Guinea-Bissau,22013,"Gross domestic product per capita, PPP, dissemination (constant 2011 international $)",6126,Value,2005,2005,2005,2005,I$,1374,X
GNB,175,Guinea-Bissau,22013,"Gross domestic product per capita, PPP, dissemination (constant 2011 international $)",6126,Value,2006,2006,2006,2006,I$,1372.4,X
GNB,175,Guinea-Bissau,22013,"Gross domestic product per capita, PPP, dissemination (constant 2011 international $)",6126,Value,2007,2007,2007,2007,I$,1383.1,X
GNB,175,Guinea-Bissau,22013,"Gross domestic product per capita, PPP, dissemination (constant 2011 international $)",6126,Value,2008,2008,2008,2008,I$,1392.5,X
GNB,175,Guinea-Bissau,22013,"Gross domestic product per capita, PPP, dissemination (constant 2011 international $)",6126,Value,2009,2009,2009,2009,I$,1403.6,X
GNB,175,Guinea-Bissau,22013,"Gross domestic product per capita, PPP, dissemination (constant 2011 international $)",6126,Value,2010,2010,2010,2010,I$,1431,X
GNB,175,Guinea-Bissau,22013,"Gross domestic product per capita, PPP, dissemination (constant 2011 international $)",6126,Value,2011,2011,2011,2011,I$,1506.7,X
GNB,175,Guinea-Bissau,22013,"Gross domestic product per capita, PPP, dissemination (constant 2011 international $)",6126,Value,2012,2012,2012,2012,I$,1442.1,X
GNB,175,Guinea-Bissau,22013,"Gross domestic product per capita, PPP, dissemination (constant 2011 international $)",6126,Value,2013,2013,2013,2013,I$,1450,X
GNB,175,Guinea-Bissau,22013,"Gross domestic product per capita, PPP, dissemination (constant 2011 international $)",6126,Value,2014,2014,2014,2014,I$,1425.8,X
GNB,175,Guinea-Bissau,22013,"Gross domestic product per capita, PPP, dissemination (constant 2011 international $)",6126,Value,2015,2015,2015,2015,I$,1474.2,X
GNB,175,Guinea-Bissau,22013,"Gross domestic product per capita, PPP, dissemination (constant 2011 international $)",6126,Value,2016,2016,2016,2016,I$,1526.8,X
GNB,175,Guinea-Bissau,22013,"Gross domestic product per capita, PPP, dissemination (constant 2011 international $)",6126,Value,2017,2017,2017,2017,I$,1576.7,X
GNB,175,Guinea-Bissau,22013,"Gross domestic product per capita, PPP, dissemination (constant 2011 international $)",6126,Value,2018,2018,2018,2018,I$,1596.4,X
GNB,175,Guinea-Bissau,210041,Prevalence of undernourishment (percent) (3-year average),6121,Value,1999,2001,19992001,1999-2001,%,25.7,F
GNB,175,Guinea-Bissau,210041,Prevalence of undernourishment (percent) (3-year average),6121,Value,2000,2002,20002002,2000-2002,%,24.4,F
GNB,175,Guinea-Bissau,210041,Prevalence of undernourishment (percent) (3-year average),6121,Value,2001,2003,20012003,2001-2003,%,24.2,F
GNB,175,Guinea-Bissau,210041,Prevalence of undernourishment (percent) (3-year average),6121,Value,2002,2004,20022004,2002-2004,%,24.5,F
GNB,175,Guinea-Bissau,210041,Prevalence of undernourishment (percent) (3-year average),6121,Value,2003,2005,20032005,2003-2005,%,24.6,F
GNB,175,Guinea-Bissau,210041,Prevalence of undernourishment (percent) (3-year average),6121,Value,2004,2006,20042006,2004-2006,%,24.4,F
GNB,175,Guinea-Bissau,210041,Prevalence of undernourishment (percent) (3-year average),6121,Value,2005,2007,20052007,2005-2007,%,24.1,F
GNB,175,Guinea-Bissau,210041,Prevalence of undernourishment (percent) (3-year average),6121,Value,2006,2008,20062008,2006-2008,%,23.7,F
GNB,175,Guinea-Bissau,210041,Prevalence of undernourishment (percent) (3-year average),6121,Value,2007,2009,20072009,2007-2009,%,23.3,F
GNB,175,Guinea-Bissau,210041,Prevalence of undernourishment (percent) (3-year average),6121,Value,2008,2010,20082010,2008-2010,%,22.8,F
GNB,175,Guinea-Bissau,210041,Prevalence of undernourishment (percent) (3-year average),6121,Value,2009,2011,20092011,2009-2011,%,22.2,F
GNB,175,Guinea-Bissau,210041,Prevalence of undernourishment (percent) (3-year average),6121,Value,2010,2012,20102012,2010-2012,%,22.2,F
GNB,175,Guinea-Bissau,210041,Prevalence of undernourishment (percent) (3-year average),6121,Value,2011,2013,20112013,2011-2013,%,22.6,F
GNB,175,Guinea-Bissau,210041,Prevalence of undernourishment (percent) (3-year average),6121,Value,2012,2014,20122014,2012-2014,%,23.9,F
GNB,175,Guinea-Bissau,210041,Prevalence of undernourishment (percent) (3-year average),6121,Value,2013,2015,20132015,2013-2015,%,25.3,F
GNB,175,Guinea-Bissau,210041,Prevalence of undernourishment (percent) (3-year average),6121,Value,2014,2016,20142016,2014-2016,%,26.6,F
GNB,175,Guinea-Bissau,210041,Prevalence of undernourishment (percent) (3-year average),6121,Value,2015,2017,20152017,2015-2017,%,27.4,F
GNB,175,Guinea-Bissau,210041,Prevalence of undernourishment (percent) (3-year average),6121,Value,2016,2018,20162018,2016-2018,%,28,F
GNB,175,Guinea-Bissau,210011,Number of people undernourished (million) (3-year average),6132,Value,1999,2001,19992001,1999-2001,millions,0.3,F
GNB,175,Guinea-Bissau,210011,Number of people undernourished (million) (3-year average),6132,Value,2000,2002,20002002,2000-2002,millions,0.3,F
GNB,175,Guinea-Bissau,210011,Number of people undernourished (million) (3-year average),6132,Value,2001,2003,20012003,2001-2003,millions,0.3,F
GNB,175,Guinea-Bissau,210011,Number of people undernourished (million) (3-year average),6132,Value,2002,2004,20022004,2002-2004,millions,0.3,F
GNB,175,Guinea-Bissau,210011,Number of people undernourished (million) (3-year average),6132,Value,2003,2005,20032005,2003-2005,millions,0.3,F
GNB,175,Guinea-Bissau,210011,Number of people undernourished (million) (3-year average),6132,Value,2004,2006,20042006,2004-2006,millions,0.3,F
GNB,175,Guinea-Bissau,210011,Number of people undernourished (million) (3-year average),6132,Value,2005,2007,20052007,2005-2007,millions,0.3,F
GNB,175,Guinea-Bissau,210011,Number of people undernourished (million) (3-year average),6132,Value,2006,2008,20062008,2006-2008,millions,0.3,F
GNB,175,Guinea-Bissau,210011,Number of people undernourished (million) (3-year average),6132,Value,2007,2009,20072009,2007-2009,millions,0.3,F
GNB,175,Guinea-Bissau,210011,Number of people undernourished (million) (3-year average),6132,Value,2008,2010,20082010,2008-2010,millions,0.3,F
GNB,175,Guinea-Bissau,210011,Number of people undernourished (million) (3-year average),6132,Value,2009,2011,20092011,2009-2011,millions,0.3,F
GNB,175,Guinea-Bissau,210011,Number of people undernourished (million) (3-year average),6132,Value,2010,2012,20102012,2010-2012,millions,0.4,F
GNB,175,Guinea-Bissau,210011,Number of people undernourished (million) (3-year average),6132,Value,2011,2013,20112013,2011-2013,millions,0.4,F
GNB,175,Guinea-Bissau,210011,Number of people undernourished (million) (3-year average),6132,Value,2012,2014,20122014,2012-2014,millions,0.4,F
GNB,175,Guinea-Bissau,210011,Number of people undernourished (million) (3-year average),6132,Value,2013,2015,20132015,2013-2015,millions,0.4,F
GNB,175,Guinea-Bissau,210011,Number of people undernourished (million) (3-year average),6132,Value,2014,2016,20142016,2014-2016,millions,0.5,F
GNB,175,Guinea-Bissau,210011,Number of people undernourished (million) (3-year average),6132,Value,2015,2017,20152017,2015-2017,millions,0.5,F
GNB,175,Guinea-Bissau,210011,Number of people undernourished (million) (3-year average),6132,Value,2016,2018,20162018,2016-2018,millions,0.5,F
GNB,175,Guinea-Bissau,210401,Prevalence of severe food insecurity in the total population (percent) (3-year average),6121,Value,2014,2016,20142016,2014-2016,%,,NV
GNB,175,Guinea-Bissau,210401,Prevalence of severe food insecurity in the total population (percent) (3-year average),6121,Value,2015,2017,20152017,2015-2017,%,,NV
GNB,175,Guinea-Bissau,210401,Prevalence of severe food insecurity in the total population (percent) (3-year average),6121,Value,2016,2018,20162018,2016-2018,%,,NV
GNB,175,Guinea-Bissau,210091,Prevalence of moderate or severe food insecurity in the total population (percent) (3-year average),6121,Value,2014,2016,20142016,2014-2016,%,,NV
GNB,175,Guinea-Bissau,210091,Prevalence of moderate or severe food insecurity in the total population (percent) (3-year average),6121,Value,2015,2017,20152017,2015-2017,%,,NV
GNB,175,Guinea-Bissau,210091,Prevalence of moderate or severe food insecurity in the total population (percent) (3-year average),6121,Value,2016,2018,20162018,2016-2018,%,,NV
GNB,175,Guinea-Bissau,210071,Number of severely food insecure people (million) (3-year average),6132,Value,2014,2016,20142016,2014-2016,millions,,NV
GNB,175,Guinea-Bissau,210071,Number of severely food insecure people (million) (3-year average),6132,Value,2015,2017,20152017,2015-2017,millions,,NV
GNB,175,Guinea-Bissau,210071,Number of severely food insecure people (million) (3-year average),6132,Value,2016,2018,20162018,2016-2018,millions,,NV
GNB,175,Guinea-Bissau,210081,Number of moderately or severely food insecure people (million) (3-year average),6132,Value,2014,2016,20142016,2014-2016,millions,,NV
GNB,175,Guinea-Bissau,210081,Number of moderately or severely food insecure people (million) (3-year average),6132,Value,2015,2017,20152017,2015-2017,millions,,NV
GNB,175,Guinea-Bissau,210081,Number of moderately or severely food insecure people (million) (3-year average),6132,Value,2016,2018,20162018,2016-2018,millions,,NV
GNB,175,Guinea-Bissau,21035,Cereal import dependency ratio (percent) (3-year average),6121,Value,1999,2001,19992001,1999-2001,%,38.4,F
GNB,175,Guinea-Bissau,21035,Cereal import dependency ratio (percent) (3-year average),6121,Value,2000,2002,20002002,2000-2002,%,41.7,F
GNB,175,Guinea-Bissau,21035,Cereal import dependency ratio (percent) (3-year average),6121,Value,2001,2003,20012003,2001-2003,%,43.7,F
GNB,175,Guinea-Bissau,21035,Cereal import dependency ratio (percent) (3-year average),6121,Value,2002,2004,20022004,2002-2004,%,48,F
GNB,175,Guinea-Bissau,21035,Cereal import dependency ratio (percent) (3-year average),6121,Value,2003,2005,20032005,2003-2005,%,47.8,F
GNB,175,Guinea-Bissau,21035,Cereal import dependency ratio (percent) (3-year average),6121,Value,2004,2006,20042006,2004-2006,%,39.6,F
GNB,175,Guinea-Bissau,21035,Cereal import dependency ratio (percent) (3-year average),6121,Value,2005,2007,20052007,2005-2007,%,30.2,F
GNB,175,Guinea-Bissau,21035,Cereal import dependency ratio (percent) (3-year average),6121,Value,2006,2008,20062008,2006-2008,%,20.4,F
GNB,175,Guinea-Bissau,21035,Cereal import dependency ratio (percent) (3-year average),6121,Value,2007,2009,20072009,2007-2009,%,25,F
GNB,175,Guinea-Bissau,21035,Cereal import dependency ratio (percent) (3-year average),6121,Value,2008,2010,20082010,2008-2010,%,26.8,F
GNB,175,Guinea-Bissau,21035,Cereal import dependency ratio (percent) (3-year average),6121,Value,2009,2011,20092011,2009-2011,%,32.3,F
GNB,175,Guinea-Bissau,21035,Cereal import dependency ratio (percent) (3-year average),6121,Value,2010,2012,20102012,2010-2012,%,30.8,F
GNB,175,Guinea-Bissau,21035,Cereal import dependency ratio (percent) (3-year average),6121,Value,2011,2013,20112013,2011-2013,%,34,F
GNB,175,Guinea-Bissau,21034,Percent of arable land equipped for irrigation (percent) (3-year average),6121,Value,1999,2001,19992001,1999-2001,%,8.3,F
GNB,175,Guinea-Bissau,21034,Percent of arable land equipped for irrigation (percent) (3-year average),6121,Value,2000,2002,20002002,2000-2002,%,8.5,F
GNB,175,Guinea-Bissau,21034,Percent of arable land equipped for irrigation (percent) (3-year average),6121,Value,2001,2003,20012003,2001-2003,%,8.8,F
GNB,175,Guinea-Bissau,21034,Percent of arable land equipped for irrigation (percent) (3-year average),6121,Value,2002,2004,20022004,2002-2004,%,9,F
GNB,175,Guinea-Bissau,21034,Percent of arable land equipped for irrigation (percent) (3-year average),6121,Value,2003,2005,20032005,2003-2005,%,9,F
GNB,175,Guinea-Bissau,21034,Percent of arable land equipped for irrigation (percent) (3-year average),6121,Value,2004,2006,20042006,2004-2006,%,8.9,F
GNB,175,Guinea-Bissau,21034,Percent of arable land equipped for irrigation (percent) (3-year average),6121,Value,2005,2007,20052007,2005-2007,%,8.9,F
GNB,175,Guinea-Bissau,21034,Percent of arable land equipped for irrigation (percent) (3-year average),6121,Value,2006,2008,20062008,2006-2008,%,8.9,F
GNB,175,Guinea-Bissau,21034,Percent of arable land equipped for irrigation (percent) (3-year average),6121,Value,2007,2009,20072009,2007-2009,%,8.9,F
GNB,175,Guinea-Bissau,21034,Percent of arable land equipped for irrigation (percent) (3-year average),6121,Value,2008,2010,20082010,2008-2010,%,8.7,F
GNB,175,Guinea-Bissau,21034,Percent of arable land equipped for irrigation (percent) (3-year average),6121,Value,2009,2011,20092011,2009-2011,%,8.5,F
GNB,175,Guinea-Bissau,21034,Percent of arable land equipped for irrigation (percent) (3-year average),6121,Value,2010,2012,20102012,2010-2012,%,8.3,F
GNB,175,Guinea-Bissau,21034,Percent of arable land equipped for irrigation (percent) (3-year average),6121,Value,2011,2013,20112013,2011-2013,%,8.3,F
GNB,175,Guinea-Bissau,21034,Percent of arable land equipped for irrigation (percent) (3-year average),6121,Value,2012,2014,20122014,2012-2014,%,8.3,F
GNB,175,Guinea-Bissau,21034,Percent of arable land equipped for irrigation (percent) (3-year average),6121,Value,2013,2015,20132015,2013-2015,%,8.3,F
GNB,175,Guinea-Bissau,21034,Percent of arable land equipped for irrigation (percent) (3-year average),6121,Value,2014,2016,20142016,2014-2016,%,8.3,F
GNB,175,Guinea-Bissau,21033,Value of food imports in total merchandise exports (percent) (3-year average),6121,Value,1999,2001,19992001,1999-2001,%,49,F
GNB,175,Guinea-Bissau,21033,Value of food imports in total merchandise exports (percent) (3-year average),6121,Value,2000,2002,20002002,2000-2002,%,56,F
GNB,175,Guinea-Bissau,21033,Value of food imports in total merchandise exports (percent) (3-year average),6121,Value,2001,2003,20012003,2001-2003,%,59,F
GNB,175,Guinea-Bissau,21033,Value of food imports in total merchandise exports (percent) (3-year average),6121,Value,2002,2004,20022004,2002-2004,%,62,F
GNB,175,Guinea-Bissau,21033,Value of food imports in total merchandise exports (percent) (3-year average),6121,Value,2003,2005,20032005,2003-2005,%,52,F
GNB,175,Guinea-Bissau,21033,Value of food imports in total merchandise exports (percent) (3-year average),6121,Value,2004,2006,20042006,2004-2006,%,44,F
GNB,175,Guinea-Bissau,21033,Value of food imports in total merchandise exports (percent) (3-year average),6121,Value,2005,2007,20052007,2005-2007,%,47,F
GNB,175,Guinea-Bissau,21033,Value of food imports in total merchandise exports (percent) (3-year average),6121,Value,2006,2008,20062008,2006-2008,%,46,F
GNB,175,Guinea-Bissau,21033,Value of food imports in total merchandise exports (percent) (3-year average),6121,Value,2007,2009,20072009,2007-2009,%,56,F
GNB,175,Guinea-Bissau,21033,Value of food imports in total merchandise exports (percent) (3-year average),6121,Value,2008,2010,20082010,2008-2010,%,53,F
GNB,175,Guinea-Bissau,21033,Value of food imports in total merchandise exports (percent) (3-year average),6121,Value,2009,2011,20092011,2009-2011,%,48,F
GNB,175,Guinea-Bissau,21033,Value of food imports in total merchandise exports (percent) (3-year average),6121,Value,2010,2012,20102012,2010-2012,%,46,F
GNB,175,Guinea-Bissau,21033,Value of food imports in total merchandise exports (percent) (3-year average),6121,Value,2011,2013,20112013,2011-2013,%,45,F
GNB,175,Guinea-Bissau,21032,Political stability and absence of violence/terrorism (index),6125,Value,2000,2000,2000,2000,index,-0.35,X
GNB,175,Guinea-Bissau,21032,Political stability and absence of violence/terrorism (index),6125,Value,2002,2002,2002,2002,index,-0.73,X
GNB,175,Guinea-Bissau,21032,Political stability and absence of violence/terrorism (index),6125,Value,2003,2003,2003,2003,index,-0.49,X
GNB,175,Guinea-Bissau,21032,Political stability and absence of violence/terrorism (index),6125,Value,2004,2004,2004,2004,index,-0.38,X
GNB,175,Guinea-Bissau,21032,Political stability and absence of violence/terrorism (index),6125,Value,2005,2005,2005,2005,index,-0.56,X
GNB,175,Guinea-Bissau,21032,Political stability and absence of violence/terrorism (index),6125,Value,2006,2006,2006,2006,index,-0.5,X
GNB,175,Guinea-Bissau,21032,Political stability and absence of violence/terrorism (index),6125,Value,2007,2007,2007,2007,index,-0.46,X
GNB,175,Guinea-Bissau,21032,Political stability and absence of violence/terrorism (index),6125,Value,2008,2008,2008,2008,index,-0.71,X
GNB,175,Guinea-Bissau,21032,Political stability and absence of violence/terrorism (index),6125,Value,2009,2009,2009,2009,index,-0.67,X
GNB,175,Guinea-Bissau,21032,Political stability and absence of violence/terrorism (index),6125,Value,2010,2010,2010,2010,index,-0.69,X
GNB,175,Guinea-Bissau,21032,Political stability and absence of violence/terrorism (index),6125,Value,2011,2011,2011,2011,index,-0.75,X
GNB,175,Guinea-Bissau,21032,Political stability and absence of violence/terrorism (index),6125,Value,2012,2012,2012,2012,index,-0.97,X
GNB,175,Guinea-Bissau,21032,Political stability and absence of violence/terrorism (index),6125,Value,2013,2013,2013,2013,index,-0.9,X
GNB,175,Guinea-Bissau,21032,Political stability and absence of violence/terrorism (index),6125,Value,2014,2014,2014,2014,index,-0.71,X
GNB,175,Guinea-Bissau,21032,Political stability and absence of violence/terrorism (index),6125,Value,2015,2015,2015,2015,index,-0.52,X
GNB,175,Guinea-Bissau,21032,Political stability and absence of violence/terrorism (index),6125,Value,2016,2016,2016,2016,index,-0.44,X
GNB,175,Guinea-Bissau,21032,Political stability and absence of violence/terrorism (index),6125,Value,2017,2017,2017,2017,index,-0.6,X
GNB,175,Guinea-Bissau,21030,Per capita food production variability (constant 2004-2006 thousand int$ per capita),6127,Value,2000,2000,2000,2000,1000 I$,2,F
GNB,175,Guinea-Bissau,21030,Per capita food production variability (constant 2004-2006 thousand int$ per capita),6127,Value,2001,2001,2001,2001,1000 I$,2.7,F
GNB,175,Guinea-Bissau,21030,Per capita food production variability (constant 2004-2006 thousand int$ per capita),6127,Value,2002,2002,2002,2002,1000 I$,1.6,F
GNB,175,Guinea-Bissau,21030,Per capita food production variability (constant 2004-2006 thousand int$ per capita),6127,Value,2003,2003,2003,2003,1000 I$,3.1,F
GNB,175,Guinea-Bissau,21030,Per capita food production variability (constant 2004-2006 thousand int$ per capita),6127,Value,2004,2004,2004,2004,1000 I$,5.4,F
GNB,175,Guinea-Bissau,21030,Per capita food production variability (constant 2004-2006 thousand int$ per capita),6127,Value,2005,2005,2005,2005,1000 I$,6,F
GNB,175,Guinea-Bissau,21030,Per capita food production variability (constant 2004-2006 thousand int$ per capita),6127,Value,2006,2006,2006,2006,1000 I$,4.5,F
GNB,175,Guinea-Bissau,21030,Per capita food production variability (constant 2004-2006 thousand int$ per capita),6127,Value,2007,2007,2007,2007,1000 I$,2.1,F
GNB,175,Guinea-Bissau,21030,Per capita food production variability (constant 2004-2006 thousand int$ per capita),6127,Value,2008,2008,2008,2008,1000 I$,1.8,F
GNB,175,Guinea-Bissau,21030,Per capita food production variability (constant 2004-2006 thousand int$ per capita),6127,Value,2009,2009,2009,2009,1000 I$,7.6,F
GNB,175,Guinea-Bissau,21030,Per capita food production variability (constant 2004-2006 thousand int$ per capita),6127,Value,2010,2010,2010,2010,1000 I$,8.5,F
GNB,175,Guinea-Bissau,21030,Per capita food production variability (constant 2004-2006 thousand int$ per capita),6127,Value,2011,2011,2011,2011,1000 I$,9,F
GNB,175,Guinea-Bissau,21030,Per capita food production variability (constant 2004-2006 thousand int$ per capita),6127,Value,2012,2012,2012,2012,1000 I$,8.3,F
GNB,175,Guinea-Bissau,21030,Per capita food production variability (constant 2004-2006 thousand int$ per capita),6127,Value,2013,2013,2013,2013,1000 I$,4.4,F
GNB,175,Guinea-Bissau,21030,Per capita food production variability (constant 2004-2006 thousand int$ per capita),6127,Value,2014,2014,2014,2014,1000 I$,4,F
GNB,175,Guinea-Bissau,21030,Per capita food production variability (constant 2004-2006 thousand int$ per capita),6127,Value,2015,2015,2015,2015,1000 I$,5.2,F
GNB,175,Guinea-Bissau,21030,Per capita food production variability (constant 2004-2006 thousand int$ per capita),6127,Value,2016,2016,2016,2016,1000 I$,4.5,F
GNB,175,Guinea-Bissau,21031,Per capita food supply variability (kcal/cap/day),6128,Value,2000,2000,2000,2000,kcal/capita/day,74,F
GNB,175,Guinea-Bissau,21031,Per capita food supply variability (kcal/cap/day),6128,Value,2001,2001,2001,2001,kcal/capita/day,47,F
GNB,175,Guinea-Bissau,21031,Per capita food supply variability (kcal/cap/day),6128,Value,2002,2002,2002,2002,kcal/capita/day,56,F
GNB,175,Guinea-Bissau,21031,Per capita food supply variability (kcal/cap/day),6128,Value,2003,2003,2003,2003,kcal/capita/day,61,F
GNB,175,Guinea-Bissau,21031,Per capita food supply variability (kcal/cap/day),6128,Value,2004,2004,2004,2004,kcal/capita/day,47,F
GNB,175,Guinea-Bissau,21031,Per capita food supply variability (kcal/cap/day),6128,Value,2005,2005,2005,2005,kcal/capita/day,20,F
GNB,175,Guinea-Bissau,21031,Per capita food supply variability (kcal/cap/day),6128,Value,2006,2006,2006,2006,kcal/capita/day,20,F
GNB,175,Guinea-Bissau,21031,Per capita food supply variability (kcal/cap/day),6128,Value,2007,2007,2007,2007,kcal/capita/day,19,F
GNB,175,Guinea-Bissau,21031,Per capita food supply variability (kcal/cap/day),6128,Value,2008,2008,2008,2008,kcal/capita/day,19,F
GNB,175,Guinea-Bissau,21031,Per capita food supply variability (kcal/cap/day),6128,Value,2009,2009,2009,2009,kcal/capita/day,15,F
GNB,175,Guinea-Bissau,21031,Per capita food supply variability (kcal/cap/day),6128,Value,2010,2010,2010,2010,kcal/capita/day,18,F
GNB,175,Guinea-Bissau,21031,Per capita food supply variability (kcal/cap/day),6128,Value,2011,2011,2011,2011,kcal/capita/day,25,F
GNB,175,Guinea-Bissau,21031,Per capita food supply variability (kcal/cap/day),6128,Value,2012,2012,2012,2012,kcal/capita/day,20,F
GNB,175,Guinea-Bissau,21031,Per capita food supply variability (kcal/cap/day),6128,Value,2013,2013,2013,2013,kcal/capita/day,22,F
GNB,175,Guinea-Bissau,21047,Percentage of population using at least basic drinking water services (percent),6121,Value,2000,2000,2000,2000,%,53.4,X
GNB,175,Guinea-Bissau,21047,Percentage of population using at least basic drinking water services (percent),6121,Value,2001,2001,2001,2001,%,54.2,X
GNB,175,Guinea-Bissau,21047,Percentage of population using at least basic drinking water services (percent),6121,Value,2002,2002,2002,2002,%,55.1,X
GNB,175,Guinea-Bissau,21047,Percentage of population using at least basic drinking water services (percent),6121,Value,2003,2003,2003,2003,%,55.9,X
GNB,175,Guinea-Bissau,21047,Percentage of population using at least basic drinking water services (percent),6121,Value,2004,2004,2004,2004,%,56.8,X
GNB,175,Guinea-Bissau,21047,Percentage of population using at least basic drinking water services (percent),6121,Value,2005,2005,2005,2005,%,57.6,X
GNB,175,Guinea-Bissau,21047,Percentage of population using at least basic drinking water services (percent),6121,Value,2006,2006,2006,2006,%,58.4,X
GNB,175,Guinea-Bissau,21047,Percentage of population using at least basic drinking water services (percent),6121,Value,2007,2007,2007,2007,%,59.3,X
GNB,175,Guinea-Bissau,21047,Percentage of population using at least basic drinking water services (percent),6121,Value,2008,2008,2008,2008,%,60.1,X
GNB,175,Guinea-Bissau,21047,Percentage of population using at least basic drinking water services (percent),6121,Value,2009,2009,2009,2009,%,60.9,X
GNB,175,Guinea-Bissau,21047,Percentage of population using at least basic drinking water services (percent),6121,Value,2010,2010,2010,2010,%,61.7,X
GNB,175,Guinea-Bissau,21047,Percentage of population using at least basic drinking water services (percent),6121,Value,2011,2011,2011,2011,%,62.5,X
GNB,175,Guinea-Bissau,21047,Percentage of population using at least basic drinking water services (percent),6121,Value,2012,2012,2012,2012,%,63.3,X
GNB,175,Guinea-Bissau,21047,Percentage of population using at least basic drinking water services (percent),6121,Value,2013,2013,2013,2013,%,64.1,X
GNB,175,Guinea-Bissau,21047,Percentage of population using at least basic drinking water services (percent),6121,Value,2014,2014,2014,2014,%,64.9,X
GNB,175,Guinea-Bissau,21047,Percentage of population using at least basic drinking water services (percent),6121,Value,2015,2015,2015,2015,%,65.7,X
GNB,175,Guinea-Bissau,21047,Percentage of population using at least basic drinking water services (percent),6121,Value,2016,2016,2016,2016,%,66.5,X
GNB,175,Guinea-Bissau,21047,Percentage of population using at least basic drinking water services (percent),6121,Value,2017,2017,2017,2017,%,66.6,X
GNB,175,Guinea-Bissau,21048,Percentage of population using at least basic sanitation services (percent),6121,Value,2000,2000,2000,2000,%,11.6,X
GNB,175,Guinea-Bissau,21048,Percentage of population using at least basic sanitation services (percent),6121,Value,2001,2001,2001,2001,%,12.1,X
GNB,175,Guinea-Bissau,21048,Percentage of population using at least basic sanitation services (percent),6121,Value,2002,2002,2002,2002,%,12.6,X
GNB,175,Guinea-Bissau,21048,Percentage of population using at least basic sanitation services (percent),6121,Value,2003,2003,2003,2003,%,13.1,X
GNB,175,Guinea-Bissau,21048,Percentage of population using at least basic sanitation services (percent),6121,Value,2004,2004,2004,2004,%,13.6,X
GNB,175,Guinea-Bissau,21048,Percentage of population using at least basic sanitation services (percent),6121,Value,2005,2005,2005,2005,%,14.2,X
GNB,175,Guinea-Bissau,21048,Percentage of population using at least basic sanitation services (percent),6121,Value,2006,2006,2006,2006,%,14.7,X
GNB,175,Guinea-Bissau,21048,Percentage of population using at least basic sanitation services (percent),6121,Value,2007,2007,2007,2007,%,15.3,X
GNB,175,Guinea-Bissau,21048,Percentage of population using at least basic sanitation services (percent),6121,Value,2008,2008,2008,2008,%,15.8,X
GNB,175,Guinea-Bissau,21048,Percentage of population using at least basic sanitation services (percent),6121,Value,2009,2009,2009,2009,%,16.4,X
GNB,175,Guinea-Bissau,21048,Percentage of population using at least basic sanitation services (percent),6121,Value,2010,2010,2010,2010,%,16.9,X
GNB,175,Guinea-Bissau,21048,Percentage of population using at least basic sanitation services (percent),6121,Value,2011,2011,2011,2011,%,17.5,X
GNB,175,Guinea-Bissau,21048,Percentage of population using at least basic sanitation services (percent),6121,Value,2012,2012,2012,2012,%,18.1,X
GNB,175,Guinea-Bissau,21048,Percentage of population using at least basic sanitation services (percent),6121,Value,2013,2013,2013,2013,%,18.6,X
GNB,175,Guinea-Bissau,21048,Percentage of population using at least basic sanitation services (percent),6121,Value,2014,2014,2014,2014,%,19.2,X
GNB,175,Guinea-Bissau,21048,Percentage of population using at least basic sanitation services (percent),6121,Value,2015,2015,2015,2015,%,19.8,X
GNB,175,Guinea-Bissau,21048,Percentage of population using at least basic sanitation services (percent),6121,Value,2016,2016,2016,2016,%,20.4,X
GNB,175,Guinea-Bissau,21048,Percentage of population using at least basic sanitation services (percent),6121,Value,2017,2017,2017,2017,%,20.5,X
GNB,175,Guinea-Bissau,21026,Percentage of children under 5 years affected by wasting (percent),6121,Value,2000,2000,2000,2000,%,11.8,X
GNB,175,Guinea-Bissau,21026,Percentage of children under 5 years affected by wasting (percent),6121,Value,2006,2006,2006,2006,%,8.9,X
GNB,175,Guinea-Bissau,21026,Percentage of children under 5 years affected by wasting (percent),6121,Value,2010,2010,2010,2010,%,5.8,X
GNB,175,Guinea-Bissau,21026,Percentage of children under 5 years affected by wasting (percent),6121,Value,2014,2014,2014,2014,%,6,X
GNB,175,Guinea-Bissau,21025,Percentage of children under 5 years of age who are stunted (percent),6121,Value,2000,2000,2000,2000,%,36.1,X
GNB,175,Guinea-Bissau,21025,Percentage of children under 5 years of age who are stunted (percent),6121,Value,2006,2006,2006,2006,%,47.7,X
GNB,175,Guinea-Bissau,21025,Percentage of children under 5 years of age who are stunted (percent),6121,Value,2010,2010,2010,2010,%,32.2,X
GNB,175,Guinea-Bissau,21025,Percentage of children under 5 years of age who are stunted (percent),6121,Value,2014,2014,2014,2014,%,27.6,X
GNB,175,Guinea-Bissau,21041,Percentage of children under 5 years of age who are overweight (percent),6121,Value,2000,2000,2000,2000,%,5.1,X
GNB,175,Guinea-Bissau,21041,Percentage of children under 5 years of age who are overweight (percent),6121,Value,2006,2006,2006,2006,%,17,X
GNB,175,Guinea-Bissau,21041,Percentage of children under 5 years of age who are overweight (percent),6121,Value,2010,2010,2010,2010,%,3.2,X
GNB,175,Guinea-Bissau,21041,Percentage of children under 5 years of age who are overweight (percent),6121,Value,2014,2014,2014,2014,%,2.3,X
GNB,175,Guinea-Bissau,21042,Prevalence of obesity in the adult population (18 years and older),6121,Value,2000,2000,2000,2000,%,3.6,X
GNB,175,Guinea-Bissau,21042,Prevalence of obesity in the adult population (18 years and older),6121,Value,2001,2001,2001,2001,%,3.9,X
GNB,175,Guinea-Bissau,21042,Prevalence of obesity in the adult population (18 years and older),6121,Value,2002,2002,2002,2002,%,4.1,X
GNB,175,Guinea-Bissau,21042,Prevalence of obesity in the adult population (18 years and older),6121,Value,2003,2003,2003,2003,%,4.3,X
GNB,175,Guinea-Bissau,21042,Prevalence of obesity in the adult population (18 years and older),6121,Value,2004,2004,2004,2004,%,4.5,X
GNB,175,Guinea-Bissau,21042,Prevalence of obesity in the adult population (18 years and older),6121,Value,2005,2005,2005,2005,%,4.8,X
GNB,175,Guinea-Bissau,21042,Prevalence of obesity in the adult population (18 years and older),6121,Value,2006,2006,2006,2006,%,5,X
GNB,175,Guinea-Bissau,21042,Prevalence of obesity in the adult population (18 years and older),6121,Value,2007,2007,2007,2007,%,5.3,X
GNB,175,Guinea-Bissau,21042,Prevalence of obesity in the adult population (18 years and older),6121,Value,2008,2008,2008,2008,%,5.6,X
GNB,175,Guinea-Bissau,21042,Prevalence of obesity in the adult population (18 years and older),6121,Value,2009,2009,2009,2009,%,5.9,X
GNB,175,Guinea-Bissau,21042,Prevalence of obesity in the adult population (18 years and older),6121,Value,2010,2010,2010,2010,%,6.2,X
GNB,175,Guinea-Bissau,21042,Prevalence of obesity in the adult population (18 years and older),6121,Value,2011,2011,2011,2011,%,6.5,X
GNB,175,Guinea-Bissau,21042,Prevalence of obesity in the adult population (18 years and older),6121,Value,2012,2012,2012,2012,%,6.8,X
GNB,175,Guinea-Bissau,21042,Prevalence of obesity in the adult population (18 years and older),6121,Value,2013,2013,2013,2013,%,7.1,X
GNB,175,Guinea-Bissau,21042,Prevalence of obesity in the adult population (18 years and older),6121,Value,2014,2014,2014,2014,%,7.5,X
GNB,175,Guinea-Bissau,21042,Prevalence of obesity in the adult population (18 years and older),6121,Value,2015,2015,2015,2015,%,7.8,X
GNB,175,Guinea-Bissau,21042,Prevalence of obesity in the adult population (18 years and older),6121,Value,2016,2016,2016,2016,%,8.2,X
GNB,175,Guinea-Bissau,21043,Prevalence of anemia among women of reproductive age (15-49 years),6121,Value,2000,2000,2000,2000,%,48.3,X
GNB,175,Guinea-Bissau,21043,Prevalence of anemia among women of reproductive age (15-49 years),6121,Value,2001,2001,2001,2001,%,47.9,X
GNB,175,Guinea-Bissau,21043,Prevalence of anemia among women of reproductive age (15-49 years),6121,Value,2002,2002,2002,2002,%,47.6,X
GNB,175,Guinea-Bissau,21043,Prevalence of anemia among women of reproductive age (15-49 years),6121,Value,2003,2003,2003,2003,%,47.3,X
GNB,175,Guinea-Bissau,21043,Prevalence of anemia among women of reproductive age (15-49 years),6121,Value,2004,2004,2004,2004,%,47.1,X
GNB,175,Guinea-Bissau,21043,Prevalence of anemia among women of reproductive age (15-49 years),6121,Value,2005,2005,2005,2005,%,46.8,X
GNB,175,Guinea-Bissau,21043,Prevalence of anemia among women of reproductive age (15-49 years),6121,Value,2006,2006,2006,2006,%,46.5,X
GNB,175,Guinea-Bissau,21043,Prevalence of anemia among women of reproductive age (15-49 years),6121,Value,2007,2007,2007,2007,%,46,X
GNB,175,Guinea-Bissau,21043,Prevalence of anemia among women of reproductive age (15-49 years),6121,Value,2008,2008,2008,2008,%,45.6,X
GNB,175,Guinea-Bissau,21043,Prevalence of anemia among women of reproductive age (15-49 years),6121,Value,2009,2009,2009,2009,%,45.1,X
GNB,175,Guinea-Bissau,21043,Prevalence of anemia among women of reproductive age (15-49 years),6121,Value,2010,2010,2010,2010,%,44.6,X
GNB,175,Guinea-Bissau,21043,Prevalence of anemia among women of reproductive age (15-49 years),6121,Value,2011,2011,2011,2011,%,44.3,X
GNB,175,Guinea-Bissau,21043,Prevalence of anemia among women of reproductive age (15-49 years),6121,Value,2012,2012,2012,2012,%,44,X
GNB,175,Guinea-Bissau,21043,Prevalence of anemia among women of reproductive age (15-49 years),6121,Value,2013,2013,2013,2013,%,43.8,X
GNB,175,Guinea-Bissau,21043,Prevalence of anemia among women of reproductive age (15-49 years),6121,Value,2014,2014,2014,2014,%,43.7,X
GNB,175,Guinea-Bissau,21043,Prevalence of anemia among women of reproductive age (15-49 years),6121,Value,2015,2015,2015,2015,%,43.7,X
GNB,175,Guinea-Bissau,21043,Prevalence of anemia among women of reproductive age (15-49 years),6121,Value,2016,2016,2016,2016,%,43.8,X
GNB,175,Guinea-Bissau,21044,Prevalence of exclusive breastfeeding among infants 0-5 months of age,6121,Value,2000,2000,2000,2000,%,27.5,X
GNB,175,Guinea-Bissau,21044,Prevalence of exclusive breastfeeding among infants 0-5 months of age,6121,Value,2006,2006,2006,2006,%,15.5,X
GNB,175,Guinea-Bissau,21044,Prevalence of exclusive breastfeeding among infants 0-5 months of age,6121,Value,2010,2010,2010,2010,%,38.3,X
GNB,175,Guinea-Bissau,21044,Prevalence of exclusive breastfeeding among infants 0-5 months of age,6121,Value,2014,2014,2014,2014,%,52.5,X
GNB,175,Guinea-Bissau,21049,Prevalence of low birthweight (percent),6121,Value,2000,2000,2000,2000,%,25.3,X
GNB,175,Guinea-Bissau,21049,Prevalence of low birthweight (percent),6121,Value,2001,2001,2001,2001,%,24.9,X
GNB,175,Guinea-Bissau,21049,Prevalence of low birthweight (percent),6121,Value,2002,2002,2002,2002,%,24.6,X
GNB,175,Guinea-Bissau,21049,Prevalence of low birthweight (percent),6121,Value,2003,2003,2003,2003,%,24.3,X
GNB,175,Guinea-Bissau,21049,Prevalence of low birthweight (percent),6121,Value,2004,2004,2004,2004,%,24.1,X
GNB,175,Guinea-Bissau,21049,Prevalence of low birthweight (percent),6121,Value,2005,2005,2005,2005,%,23.9,X
GNB,175,Guinea-Bissau,21049,Prevalence of low birthweight (percent),6121,Value,2006,2006,2006,2006,%,23.6,X
GNB,175,Guinea-Bissau,21049,Prevalence of low birthweight (percent),6121,Value,2007,2007,2007,2007,%,23.3,X
GNB,175,Guinea-Bissau,21049,Prevalence of low birthweight (percent),6121,Value,2008,2008,2008,2008,%,23.1,X
GNB,175,Guinea-Bissau,21049,Prevalence of low birthweight (percent),6121,Value,2009,2009,2009,2009,%,22.7,X
GNB,175,Guinea-Bissau,21049,Prevalence of low birthweight (percent),6121,Value,2010,2010,2010,2010,%,22.4,X
GNB,175,Guinea-Bissau,21049,Prevalence of low birthweight (percent),6121,Value,2011,2011,2011,2011,%,22.1,X
GNB,175,Guinea-Bissau,21049,Prevalence of low birthweight (percent),6121,Value,2012,2012,2012,2012,%,21.8,X
GNB,175,Guinea-Bissau,21049,Prevalence of low birthweight (percent),6121,Value,2013,2013,2013,2013,%,21.5,X
GNB,175,Guinea-Bissau,21049,Prevalence of low birthweight (percent),6121,Value,2014,2014,2014,2014,%,21.3,X
GNB,175,Guinea-Bissau,21049,Prevalence of low birthweight (percent),6121,Value,2015,2015,2015,2015,%,21.1,X