rcode,hcf_name,reg_san,area_san,cds_mwaterid,submitted_date,jmp_wat_svclvl,jmp_wat_imp,jmp_wat_none,jmp_wat_dist,wp_jmptype,water_available_today,wp_dist,jmp_san_svclvl,jmp_san_usable,jmp_san_mhm,jmp_san_staff,jmp_san_hcap,toilet_outpat,toilet_mhm,toilet_staff,toilet_hcap,jmp_hyg_svclvl,jmp_hyg_avail,jmp_hyg_soap,handw_today_poc,handw_today_toilet,jmp_waste_svclvl,jmp_waste_3bins,jmp_waste_sharps,jmp_waste_inf,waste_3bins,waste_sharps,waste_infect,jmp_cln_svclvl,jmp_cln_prot,jmp_cln_staff,jmp_cln_svclvl.1,jmp_cln_prot.1,jmp_cln_staff.1,jmp_hyg_svclvl.1,jmp_hyg_avail.1,jmp_hyg_soap.1,handw_today_poc.1,handw_today_toilet.1,watsys_exists,watsys_type,watsys_tank_cap,watsys_tank_type,watsys_taps,watsys_taps_total,watsys_taps_func,rehab - elec - year,rehab - bhole - year,rehab - pump - year,rehab - wtank - year,rehab - wsystem - year,rehab - incin - year,rehab - toilet - year,rehab - struct - year,rehab - roof - year,rehab - paint_ext - year,rehab - paint_int - year,rehab - res - year,numrenovs,energy_sys,energy_primsource,energy_source_backup,energy_light_total,energy_light_func,solar - panel - installed,solar - panel - num,solar - panel - cap,solar - batt - installed,solar - batt - num,solar - batt - cap,rehab - elec - year.1,rehab - elec - org
Fredrik Asplund-6T99YZ052,Caravela,Bijagos,Caravela,436009.0,2018-08-03 14:27:42,,Improved,,,Protected dug well,No ,,No service,No,,No,,"No, unimproved or no toilets at the facility",,No,,Limited,,Yes,,Yes,No service,No,Unsafe,Unsafe,No,Not treated and added to general waste,Not treated and added to general waste,,No,,,No,,Limited,,Yes,,Yes,"Yes, but it does not work",Electrical pump (Grid/generator) from own waterpoint,0.0,No Reservoir,No taps inside,,,,,,,,,,,,,,,0.0,No,,,,,,,,,,,,
Fredrik Asplund-6T99YZ033,Banta,Quinara,Buba,4703833.0,2018-08-03 14:27:42,,Improved,,,Tubewell / borehole,No ,,Limited,Yes,,No,,"Yes, at least one usable improved toilet",,No,,,,No,,"No, no handwashing facilities are available",,,,,,,,,No,,,No,,,,No,,"No, no handwashing facilities are available","Yes, but it does not work",Hand pump to tank from own waterpoint ,1.0,PVC,"No, the tap inside does not give water",18.0,,,,,,,,,,,,,,0.0,No,,,,,,,,,,,,
Fredrik Asplund-6T99YZ123,Lugadjol,Gabu,Lugadjol,4703950.0,2018-08-03 14:27:42,Limited,Improved,,Water is available on premises,Tubewell / borehole,No ,On premises,No service,No,,No,,"No, unimproved or no toilets at the facility",,No,,,,,,,,,,,,,,,No,,,No,,,,,,,"Yes, but it does not work",Electrical pump (Grid/generator) from own waterpoint,,,"No, the tap inside does not give water",0.0,,,,,,,,,,,,,,0.0,"Yes, but it does not work",,,0.0,,,,,,,,,
Fredrik Asplund-6T99YZ018,Xitole,Bafata,Xitole,4703527.0,2018-08-03 14:27:42,,Improved,,,Protected dug well,No ,,Limited,Yes,,No,,"Yes, at least one usable improved toilet",,No,,,,,,,,,,,,,,,No,,,No,,,,,,,"Yes, but it does not work",Solar pump from own waterpoint,1.0,Cement,"No, the tap inside does not give water",6.0,,,,,,,,,,,,,,0.0,Yes,Solar,None,8.0,8.0,,,,,,,,
Fredrik Asplund-6T99YZ029,Komo,Tombali,Komo,4704212.0,2018-08-03 14:27:42,,Improved,,,Tubewell / borehole,"Yes, observed",,Limited,No,,Yes,,"No, improved toilets are present but not usable",,Yes,,Limited,,Yes,,Yes,,,,,,,,,No,,,No,,Limited,,Yes,,Yes,"Yes, and it works",Electrical pump (Grid/generator) from own waterpoint,0.5,Cement,"Yes, water comes from at least one tap",9.0,7.0,,,,,,,,,,,,,0.0,No,,,,,,,,,,,,
Fredrik Asplund-6T99YZ111,Gan Gregorio,Quinara,Buba,4704391.0,2018-08-03 14:27:42,No service,Improved,1.0,,Protected dug well,No ,No water source available,No service,No,,No,,"No, unimproved or no toilets at the facility",,No,,No service,No,No,"No, hand hygiene stations are available but not functional, or lacking materials","No, handwashing facilities are available but not functional, or lacking soap and/or water",Limited,,Unsafe,Unsafe,Bins are present but don't meet all requirements,Open burning,Open burning,,No,,,No,,No service,No,No,"No, hand hygiene stations are available but not functional, or lacking materials","No, handwashing facilities are available but not functional, or lacking soap and/or water",No,,,,No taps inside,,,,,,,,,,,,,,,0.0,No,,,,,,,,,,,,
Fredrik Asplund-6T99YZ069,Bambadinca,Bafata,Bambadinca,4703228.0,2018-08-03 14:27:42,,Improved,,,Tubewell / borehole,No ,,No service,No,,Yes,,"No, unimproved or no toilets at the facility",,Yes,,Limited,,Yes,,Yes,,,,,,,,,No,,,No,,Limited,,Yes,,Yes,"Yes, but it does not work",Electrical pump (Grid/generator) from own waterpoint,3.0,Metal,"No, the tap inside does not give water",3.0,,,,,,,,,,,,,,0.0,Yes,Grid,None,1.0,1.0,,,,,,,,
Fredrik Asplund-6T99YZ097,Cosse,Bafata,Cosse,4703699.0,2018-08-03 14:27:42,,Improved,,,Tubewell / borehole,"Yes, observed",,Limited,No,,No,,"No, improved toilets are present but not usable",,No,,,,,,,,,,,,,,,No,,,No,,,,,,,"Yes, and it works",Solar pump from own waterpoint,4.0,Metal,"Yes, water comes from at least one tap",31.0,2.0,,,,,,,,,,,,,0.0,Yes,Solar,Generator,6.0,6.0,,,,,,,,
Fredrik Asplund-6T99YZ117,Quelele,SAB,Quelele,4704157.0,2018-08-03 14:27:42,Basic,Improved,,Water is available on premises,Piped water inside Health Center,"Yes, observed",On premises,Limited,No,No,Yes,No,"No, improved toilets are present but not usable","No, there are no female-only toilets",Yes,No,Basic,Yes,Yes,Yes,Yes,Limited,,Unsafe,Unsafe,Bins are present but don't meet all requirements,Open burning,Open burning,,No,,,No,,Basic,Yes,Yes,Yes,Yes,"Yes, and it works",Grid to overhead water tank,1.0,,"Yes, water comes from at least one tap",4.0,1.0,,,,,,,,,,,,,0.0,Yes,Grid,Generator,17.0,17.0,,,,,,,,
Fredrik Asplund-6T99YZ118,Nhacra,Oio,Nhacra,4704061.0,2018-08-03 14:27:42,Basic,Improved,,Water is available on premises,Tubewell / borehole,"Yes, observed",On premises,No service,No,,Yes,,"No, unimproved or no toilets at the facility",,Yes,,Basic,Yes,Yes,Yes,Yes,Limited,,Unsafe,Unsafe,Bins are present but don't meet all requirements,Open burning,Open burning,,No,,,No,,Basic,Yes,Yes,Yes,Yes,"Yes, and it works",Solar pump from own waterpoint,5.0,PVC,"Yes, water comes from at least one tap",14.0,4.0,,,,,,,,,,,,,0.0,Yes,Solar,None,22.0,22.0,,,,,,,,
Fredrik Asplund-6T99YZ028,Cassaca,Tombali,Komo,4703644.0,2018-08-03 14:27:42,,Improved,,,Tubewell / borehole,"Yes, observed",,Limited,Yes,,No,,"Yes, at least one usable improved toilet",,No,,Limited,,Yes,,Yes,,,,,,,,,No,,,No,,Limited,,Yes,,Yes,"Yes, and it works",Hand pump to tank from own waterpoint ,4.0,PEAD,"Yes, water comes from at least one tap",8.0,,,,,,,,,,,,,,0.0,No,,,,,,,,,,,,
Fredrik Asplund-6T99YZ026,Saltinho,Tombali,Quebo,4704418.0,2018-08-03 14:27:42,,Improved,,,Tubewell / borehole,"Yes, observed",,Limited,No,,Yes,,"No, improved toilets are present but not usable",,Yes,,Limited,,Yes,,Yes,,,,,,,,,No,,,No,,Limited,,Yes,,Yes,"Yes, and it works",Hand pump to tank from own waterpoint ,4.0,PEAD,"Yes, water comes from at least one tap",6.0,1.0,,,,,,,,,,,,,0.0,No,,,,,,,,,,,,
Fredrik Asplund-6T99YZ061,Cansisse,Gabu,Cansisse,436078.0,2018-08-03 14:27:42,,Improved,,,Tubewell / borehole,No ,,No service,No,,Yes,,"No, unimproved or no toilets at the facility",,Yes,,Limited,,Yes,,Yes,,,,,,,,,No,,,No,,Limited,,Yes,,Yes,"Yes, but it does not work",Solar pump from own waterpoint,5.0,PEAD,"No, the tap inside does not give water",0.0,,,,,,,,,,,,,,0.0,"Yes, but it does not work",Solar,None,12.0,6.0,,,,,,,,
Fredrik Asplund-6T99YZ049,Ajuda,SAB,Ajuda,436171.0,2018-08-03 14:27:42,,Improved,,,Piped water inside Health Center,No ,,,Yes,,Yes,,"Yes, at least one usable improved toilet",,Yes,,Limited,,Yes,,Yes,,,,,,,,,No,,,No,,Limited,,Yes,,Yes,"Yes, but it does not work",Directly from grid,0.0,No Reservoir,"No, the tap inside does not give water",10.0,,,,,,,,,,,,,,0.0,Yes,Grid,Generator,24.0,10.0,,,,,,,,
Fredrik Asplund-6T99YZ067,Pirada,Gabu,Pirada,436126.0,2018-08-03 14:27:42,,Improved,,,Tubewell / borehole,No ,,No service,No,,Yes,,"No, unimproved or no toilets at the facility",,Yes,,Limited,,Yes,,Yes,,,,,,,,,No,,,No,,Limited,,Yes,,Yes,"Yes, but it does not work",Solar pump from own waterpoint,5.0,PEAD,"No, the tap inside does not give water",10.0,,,,,,,,,,,,,,0.0,"Yes, but it does not work",Solar,None,16.0,4.0,,,,,,,,
Fredrik Asplund-6T99YZ035,Brandao,Quinara,Brandao,4703864.0,2018-08-03 14:27:42,,Improved,,,Tubewell / borehole,No ,,Limited,No,,No,,"No, improved toilets are present but not usable",,No,,,,No,,"No, no handwashing facilities are available",,,,,,,,,No,,,No,,,,No,,"No, no handwashing facilities are available","Yes, but it does not work",Solar pump from own waterpoint,,,"No, the tap inside does not give water",4.0,,,,,,,,,,,,,,0.0,"Yes, but it does not work",Solar,None,4.0,0.0,,,,,,,,
Fredrik Asplund-6T99YZ005,Jeta,Cacheu,Jeta,436157.0,2018-08-03 14:27:42,,Improved,,,Protected dug well,No ,,Limited,No,,No,,"No, improved toilets are present but not usable",,No,,,,No,,"No, no handwashing facilities are available",,,,,,,,,No,,,No,,,,No,,"No, no handwashing facilities are available","Yes, but it does not work",Electrical pump (Grid/generator) from own waterpoint,0.0,No Reservoir,"No, the tap inside does not give water",1.0,,,,,,,,,,,,,,0.0,No,,,,,,,,,,,,
Fredrik Asplund-6T99YZ051,Orango Zinho,Bijagos,Orango Zinho,435943.0,2018-08-03 14:27:42,,Improved,,,Protected dug well,No ,,No service,No,,Yes,,"No, unimproved or no toilets at the facility",,Yes,,Limited,,Yes,,Yes,,,,,,,,,No,,,No,,Limited,,Yes,,Yes,"Yes, but it does not work",Electrical pump (Grid/generator) from own waterpoint,1.0,Cement,"No, the tap inside does not give water",4.0,,,,,,,,,,,,,,0.0,No,,,,,,,,,,,,
Fredrik Asplund-6T99YZ025,Mato Foroba,Tombali,Catio,4704377.0,2018-08-03 14:27:42,,Improved,,,Piped water inside Health Center,"Yes, observed",,Limited,Yes,,No,,"Yes, at least one usable improved toilet",,No,,Limited,,Yes,,Yes,,,,,,,,,No,,,No,,Limited,,Yes,,Yes,"Yes, and it works",Grid to overhead water tank,5.0,PEAD,"Yes, water comes from at least one tap",,,,,,,,,,,,,,,0.0,No,,,,,,,,,,,,
Fredrik Asplund-6T99YZ037,Canquelifa,Gabu,Canquelifa,436061.0,2018-08-03 14:27:42,,Improved,,,Tubewell / borehole,No ,,No service,No,,Yes,,"No, unimproved or no toilets at the facility",,Yes,,,,No,,"No, no handwashing facilities are available",,,,,,,,,No,,,No,,,,No,,"No, no handwashing facilities are available","Yes, but it does not work",Solar pump from own waterpoint,5.0,PEAD,"No, the tap inside does not give water",6.0,,,,,,,,,,,,,,0.0,"Yes, but it does not work",Solar,None,10.0,5.0,,,,,,,,
Fredrik Asplund-6T99YZ058,Barro,Cacheu,Barro,4703266.0,2018-08-03 14:27:42,Limited,Improved,,Water is available on premises,Tubewell / borehole,No ,On premises,No service,No,,No,,"No, unimproved or no toilets at the facility",,No,,No service,No,No,"No, hand hygiene stations are available but not functional, or lacking materials","No, handwashing facilities are available but not functional, or lacking soap and/or water",Limited,,Unsafe,Unsafe,Bins are present but don't meet all requirements,Open burning,Open burning,,No,,,No,,No service,No,No,"No, hand hygiene stations are available but not functional, or lacking materials","No, handwashing facilities are available but not functional, or lacking soap and/or water","Yes, but it does not work",Electrical pump (Grid/generator) from own waterpoint,3.75,Metal,"No, the tap inside does not give water",19.0,,,,,,,,,,,,,,0.0,No,,,,,,,,,,,,
Fredrik Asplund-6T99YZ091,Catio,Tombali,Catio,4703668.0,2018-08-03 14:27:42,,Improved,,,Tubewell / borehole,"Yes, observed",,,Yes,,Yes,,"Yes, at least one usable improved toilet",,Yes,,,,No,,"No, no handwashing facilities are available",,,,,,,,,No,,,No,,,,No,,"No, no handwashing facilities are available","Yes, and it works",Solar pump from own waterpoint,10.0,PEAD,"Yes, water comes from at least one tap",58.0,52.0,,,,,,,,,,,,,0.0,Yes,Solar,Generator,0.0,,,,,,,,,
Fredrik Asplund-6T99YZ077,Beli,Gabu,Beli,4703307.0,2018-08-03 14:27:42,Basic,Improved,,Water is available on premises,Tubewell / borehole,"Yes, observed",On premises,No service,No,,Yes,,"No, unimproved or no toilets at the facility",,Yes,,Limited,No,Yes,"No, hand hygiene stations are available but not functional, or lacking materials",Yes,Limited,,Unsafe,Unsafe,Bins are present but don't meet all requirements,Open burning,Open burning,,No,,,No,,Limited,No,Yes,"No, hand hygiene stations are available but not functional, or lacking materials",Yes,"Yes, and it works",Solar pump from own waterpoint,5.0,PEAD,"Yes, water comes from at least one tap",4.0,2.0,,,,,,,,,,,,,0.0,Yes,Solar,None,12.0,12.0,,,,,,,,
Fredrik Asplund-6T99YZ009,Portugol,Oio,Portugol,4704126.0,2018-08-03 14:27:42,,Improved,,,Tubewell / borehole,No ,,No service,No,,Yes,,"No, unimproved or no toilets at the facility",,Yes,,Limited,,Yes,,Yes,,,,,,,,,No,,,No,,Limited,,Yes,,Yes,"Yes, but it does not work",Solar pump from own waterpoint,5.0,PEAD,"No, the tap inside does not give water",12.0,,,,,,,,,,,,,,0.0,"Yes, but it does not work",Solar,None,19.0,2.0,,,,,,,,
Fredrik Asplund-6T99YZ113,Ga-Ture,Bafata,Ga-Ture,4703857.0,2018-08-03 14:27:42,,Improved,,,Protected dug well,No ,,Limited,Yes,,No,,"Yes, at least one usable improved toilet",,No,,,,,,,,,,,,,,,No,,,No,,,,,,,No,,,,No taps inside,,,,,,,,,,,,,,,0.0,Yes,Solar,None,5.0,5.0,,,,,,,,
Fredrik Asplund-6T99YZ107,Gan Para,Quinara,Fulacunda,4704384.0,2018-08-03 14:27:42,Limited,Improved,,Water is available on premises,Tubewell / borehole,No ,On premises,Limited,No,No,No,No,"No, improved toilets are present but not usable","No, there are no female-only toilets",No,No,No service,No,No,"No, hand hygiene stations are available but not functional, or lacking materials","No, handwashing facilities are available but not functional, or lacking soap and/or water",No service,No,Unsafe,Unsafe,No,Open burning,Open burning,,No,,,No,,No service,No,No,"No, hand hygiene stations are available but not functional, or lacking materials","No, handwashing facilities are available but not functional, or lacking soap and/or water",No,,,,No taps inside,,,,,,,,,,,,,,,0.0,No,,,,,,,,,,,,
Fredrik Asplund-6T99YZ102,Fasse,Gabu,Fasse,4703785.0,2018-08-03 14:27:42,Basic,Improved,,Water is available on premises,Tubewell / borehole,"Yes, observed",On premises,Limited,No,No,Yes,,"No, improved toilets are present but not usable","No, female-only toilets do not have menstrual hygiene facilities",Yes,,Basic,Yes,Yes,Yes,Yes,Limited,,Unsafe,Unsafe,Bins are present but don't meet all requirements,Open burning,Open burning,,No,,,No,,Basic,Yes,Yes,Yes,Yes,"Yes, and it works",Solar pump from own waterpoint,5.0,PEAD,"Yes, water comes from at least one tap",4.0,1.0,,,,,,,,,,,,,0.0,Yes,Solar,None,12.0,12.0,,,,,,,,
Fredrik Asplund-6T99YZ062,Dandum,Gabu,Dandum,436085.0,2018-08-03 14:27:42,,Improved,,,Tubewell / borehole,No ,,No service,No,,Yes,,"No, unimproved or no toilets at the facility",,Yes,,Limited,,Yes,,Yes,,,,,,,,,No,,,No,,Limited,,Yes,,Yes,"Yes, but it does not work",Solar pump from own waterpoint,5.0,PEAD,"No, the tap inside does not give water",0.0,,,,,,,,,,,,,,0.0,Yes,Solar,None,17.0,17.0,,,,,,,,
Fredrik Asplund-6T99YZ127,Quinhamel,Biombo,Quinhamel,4704164.0,2018-08-03 14:27:42,Basic,Improved,,Water is available on premises,Piped water inside Health Center,"Yes, observed",On premises,Basic,Yes,Yes,Yes,Yes,"Yes, at least one usable improved toilet",Yes,Yes,Yes,Basic,Yes,Yes,Yes,Yes,Limited,,Safe,Safe,Bins are present but don't meet all requirements,Incinerated (brick incinerator),Incinerated (brick incinerator),,No,,,No,,Basic,Yes,Yes,Yes,Yes,"Yes, and it works",Solar pump from own waterpoint,5.0,Cement,"Yes, water comes from at least one tap",50.0,35.0,2019-01-01,,,,,,,,,,,,1.0,Yes,Solar,Generator,58.0,58.0,2019-01-01,12.0,310.0,2019-01-01,24.0,1650.0,2019-01-01,BADEA
Fredrik Asplund-6T99YZ072,Sonaco,Gabu,Sonaco,436140.0,2018-08-03 14:27:42,,Improved,,,Tubewell / borehole,No ,,No service,No,,Yes,,"No, unimproved or no toilets at the facility",,Yes,,,,No,,"No, no handwashing facilities are available",,,,,,,,,No,,,No,,,,No,,"No, no handwashing facilities are available","Yes, but it does not work",Electrical pump (Grid/generator) from own waterpoint,10.0,PEAD,"No, the tap inside does not give water",0.0,,,,,,,,,,,,,,0.0,Yes,Solar,None,1.0,1.0,,,,,,,,
Fredrik Asplund-6T99YZ023,Bocane,Tombali,Timbo,4704274.0,2018-08-03 14:27:42,,Improved,,,Tubewell / borehole,"Yes, observed",,No service,No,,Yes,,"No, unimproved or no toilets at the facility",,Yes,,,,No,,"No, no handwashing facilities are available",,,,,,,,,No,,,No,,,,No,,"No, no handwashing facilities are available","Yes, and it works",Electrical pump (Grid/generator) from own waterpoint,4.0,PEAD,"Yes, water comes from at least one tap",8.0,,,,,,,,,,,,,,0.0,No,,,,,,,,,,,,
Fredrik Asplund-6T99YZ092,Canjadude,Gabu,Canjadude,4703620.0,2018-08-03 14:27:42,Basic,Improved,,Water is available on premises,Tubewell / borehole,"Yes, observed",On premises,No service,No,,Yes,,"No, unimproved or no toilets at the facility",,Yes,,Basic,Yes,Yes,Yes,Yes,Limited,,Unsafe,Unsafe,Bins are present but don't meet all requirements,Open burning,Open burning,,No,,,No,,Basic,Yes,Yes,Yes,Yes,"Yes, and it works",Solar pump from own waterpoint,5.0,PEAD,"Yes, water comes from at least one tap",4.0,1.0,,,,,,,,,,,,,0.0,Yes,Solar,None,10.0,10.0,,,,,,,,
Fredrik Asplund-6T99YZ022,Ga-Carnes,Bafata,Ga-Carnes,4703826.0,2018-08-03 14:27:42,,Improved,,,Tubewell / borehole,No ,,Limited,Yes,,No,,"Yes, at least one usable improved toilet",,No,,,,No,,"No, no handwashing facilities are available",,,,,,,,,No,,,No,,,,No,,"No, no handwashing facilities are available","Yes, but it does not work",Electrical pump (Grid/generator) from own waterpoint,6.0,Cement,"No, the tap inside does not give water",9.0,,,,,,,,,,,,,,0.0,No,,,,,,,,,,,,
Fredrik Asplund-6T99YZ133,Varela,Cacheu,Varela,4704315.0,2018-08-03 14:27:42,Basic,Improved,,Water is available on premises,Tubewell / borehole,"Yes, observed",On premises,Limited,Yes,,No,,"Yes, at least one usable improved toilet",,No,,Limited,,Yes,,Yes,,,,,,,,,No,,,No,,Limited,,Yes,,Yes,"Yes, and it works",Solar pump from own waterpoint,4.0,PVC,"Yes, water comes from at least one tap",26.0,18.0,,,,,,,,,,,,,0.0,Yes,Solar,None,15.0,15.0,,,,,,,,
Fredrik Asplund-6T99YZ128,Safim,Biombo,Safim,4704171.0,2018-08-03 14:27:42,Limited,Improved,,Water is available on premises,Tubewell / borehole,No ,On premises,No service,No,,Yes,,"No, unimproved or no toilets at the facility",,Yes,,Basic,Yes,Yes,Yes,Yes,Limited,,Safe,Safe,Bins are present but don't meet all requirements,Incinerated (brick incinerator),Incinerated (brick incinerator),,No,,,No,,Basic,Yes,Yes,Yes,Yes,"Yes, but it does not work",Electrical pump (Grid/generator) from own waterpoint,4.0,Metal,"No, the tap inside does not give water",10.0,,,,,,,,,,,,,,0.0,Yes,,,14.0,14.0,,,,,,,,
Fredrik Asplund-6T99YZ056,Wato,Bolama,Bolama,435981.0,2018-08-03 14:27:42,No service,,1.0,,,No ,No water source available,No service,No,,No,,"No, unimproved or no toilets at the facility",,No,,,,,,,,,,,,,,,No,,,No,,,,,,,No,,,,No taps inside,,,,,,,,,,,,,,,0.0,No,,,,,,,,,,,,
Fredrik Asplund-6T99YZ008,Binar,Oio,Binar,4703338.0,2018-08-03 14:27:42,,Improved,,,Tubewell / borehole,No ,,No service,No,,No,,"No, unimproved or no toilets at the facility",,No,,,,,,,,,,,,,,,No,,,No,,,,,,,"Yes, but it does not work",Solar pump from own waterpoint,5.0,PVC,"No, the tap inside does not give water",6.0,,,,,,,,,,,,,,0.0,Yes,Solar,None,16.0,16.0,,,,,,,,
Fredrik Asplund-6T99YZ027,Calaque,Tombali,Calaque,4703572.0,2018-08-03 14:27:42,,Improved,,,Tubewell / borehole,No ,,No service,No,,No,,"No, unimproved or no toilets at the facility",,No,,,,,,,,,,,,,,,No,,,No,,,,,,,"Yes, but it does not work",Hand pump to tank from own waterpoint ,4.0,PEAD,"No, the tap inside does not give water",10.0,,,,,,,,,,,,,,0.0,No,,,,,,,,,,,,
Fredrik Asplund-6T99YZ068,Antula,SAB,Antula,4703187.0,2018-08-03 14:27:42,Basic,Improved,,Water is available on premises,Tubewell / borehole,"Yes, observed",On premises,Limited,Yes,No,Yes,,"Yes, at least one usable improved toilet","No, female-only toilets do not have menstrual hygiene facilities",Yes,,Basic,Yes,Yes,Yes,Yes,Limited,,Safe,Safe,Bins are present but don't meet all requirements,"Not treated, but collected for medical waste disposal","Not treated, but collected for medical waste disposal",,No,,,No,,Basic,Yes,Yes,Yes,Yes,"Yes, and it works",Electrical pump (Grid/generator) from own waterpoint,3.75,,"Yes, water comes from at least one tap",41.0,41.0,,,,,,,,,,,,,0.0,Yes,Grid,Generator,48.0,48.0,,,,,,,,
Fredrik Asplund-6T99YZ090,Caio,Cacheu,Caio,4703761.0,2018-08-03 14:27:42,Limited,Improved,,Water is available on premises,Tubewell / borehole,No ,On premises,Limited,Yes,No,No,No,"Yes, at least one usable improved toilet","No, there are no female-only toilets",No,No,Basic,Yes,Yes,Yes,Yes,Limited,,Safe,Safe,Bins are present but don't meet all requirements,Incinerated (brick incinerator),Incinerated (brick incinerator),,No,,,No,,Basic,Yes,Yes,Yes,Yes,"Yes, but it does not work",Solar pump from own waterpoint,1.0,Cement,"No, the tap inside does not give water",23.0,,,,,,,,,,,,,,0.0,Yes,Solar,None,33.0,33.0,,,,,,,,
Fredrik Asplund-6T99YZ086,Calequisse,Cacheu,Calequisse,4703589.0,2018-08-03 14:27:42,Limited,Improved,,Water is available on premises,Tubewell / borehole,No ,On premises,No service,No,,Yes,,"No, unimproved or no toilets at the facility",,Yes,,Limited,No,Yes,"No, hand hygiene stations are available but not functional, or lacking materials",Yes,Limited,,Safe,Safe,Bins are present but don't meet all requirements,Incinerated (brick incinerator),Incinerated (brick incinerator),,No,,,No,,Limited,No,Yes,"No, hand hygiene stations are available but not functional, or lacking materials",Yes,"Yes, but it does not work",Solar pump from own waterpoint,4.0,PEAD,"No, the tap inside does not give water",5.0,,,,,,,,,,,,,,0.0,Yes,Solar,Generator,10.0,10.0,,,,,,,,
Fredrik Asplund-6T99YZ087,Carenque,Cacheu,Carenque,4703637.0,2018-08-03 14:27:42,Limited,Improved,,Water is available on premises,Tubewell / borehole,No ,On premises,Limited,Yes,No,Yes,No,"Yes, at least one usable improved toilet","No, female-only toilets do not have menstrual hygiene facilities",Yes,No,Basic,Yes,Yes,Yes,Yes,Limited,,Safe,Safe,Bins are present but don't meet all requirements,Incinerated (brick incinerator),Incinerated (brick incinerator),,No,,,No,,Basic,Yes,Yes,Yes,Yes,"Yes, but it does not work",Electrical pump (Grid/generator) from own waterpoint,2.0,Cement,"No, the tap inside does not give water",5.0,,,,,,,,,,,,,,0.0,"Yes, but it does not work",,None,16.0,0.0,,,,,,,,
Fredrik Asplund-6T99YZ039,Ilha Galinas,Bolama,Ilha Galinas ,435936.0,2018-08-03 14:27:42,,Improved,,,Protected dug well,No ,,Limited,No,,No,,"No, improved toilets are present but not usable",,No,,Limited,,Yes,,Yes,,,,,,,,,No,,,No,,Limited,,Yes,,Yes,"Yes, but it does not work",Electrical pump (Grid/generator) from own waterpoint,1.0,Cement,"No, the tap inside does not give water",3.0,,,,,,,,,,,,,,0.0,No,,,,,,,,,,,,
Fredrik Asplund-6T99YZ125,Pilundo,Cacheu,Pelundo,4704102.0,2018-08-03 14:27:42,Limited,Improved,,Water is available on premises,Tubewell / borehole,No ,On premises,Limited,Yes,No,Yes,No,"Yes, at least one usable improved toilet","No, there are no female-only toilets",Yes,No,Basic,Yes,Yes,Yes,Yes,Limited,,Unsafe,Unsafe,Bins are present but don't meet all requirements,Open burning,Open burning,,No,,,No,,Basic,Yes,Yes,Yes,Yes,"Yes, but it does not work",Hand pump to tank from own waterpoint ,4.0,Metal,"No, the tap inside does not give water",3.0,,,,,,,,,,,,,,0.0,No,,,,,,,,,,,,
Fredrik Asplund-6T99YZ110,Hospital de Farim ,Farim,Farim,4682512.0,2018-08-03 14:27:42,Basic,Improved,,Water is available on premises,Tubewell / borehole,"Yes, observed",On premises,Limited,Yes,No,Yes,Yes,"Yes, at least one usable improved toilet","No, female-only toilets do not have menstrual hygiene facilities",Yes,Yes,Basic,Yes,Yes,Yes,Yes,Limited,,Unsafe,Unsafe,Bins are present but don't meet all requirements,Open burning,Open burning,,No,,,No,,Basic,Yes,Yes,Yes,Yes,"Yes, and it works",Solar pump from own waterpoint,10.0,PVC,"Yes, water comes from at least one tap",28.0,24.0,,,,,,,,,,,,,0.0,Yes,Solar,None,45.0,45.0,,,,,,,,
Fredrik Asplund-6T99YZ131,Suzana,Cacheu,Suzana,4704250.0,2018-08-03 14:27:42,Basic,Improved,,Water is available on premises,Tubewell / borehole,"Yes, observed",On premises,Limited,No,No,Yes,No,"No, improved toilets are present but not usable","No, there are no female-only toilets",Yes,No,Basic,Yes,Yes,Yes,Yes,Limited,,Unsafe,Unsafe,Bins are present but don't meet all requirements,Open burning,Open burning,,No,,,No,,Basic,Yes,Yes,Yes,Yes,"Yes, and it works",Solar pump from own waterpoint,4.0,PVC,"Yes, water comes from at least one tap",14.0,8.0,,,,,,,,,,,,,0.0,Yes,Solar,None,8.0,8.0,,,,,,,,
Fredrik Asplund-6T99YZ095,Contuboel,Bafata,Contuboel,4703682.0,2018-08-03 14:27:42,,Improved,,,Piped water inside Health Center,"Yes, observed",,No service,No,,No,,"No, unimproved or no toilets at the facility",,No,,,,,,,,,,,,,,,No,,,No,,,,,,,"Yes, and it works",Grid to overhead water tank,2.0,PEAD,"Yes, water comes from at least one tap",,,,,,,,,,,,,,,0.0,Yes,Grid,None,18.0,18.0,,,,,,,,
Fredrik Asplund-6T99YZ059,Batucar,Cacheu,Batucar,4703273.0,2018-08-03 14:27:42,Basic,Improved,,Water is available on premises,Protected dug well,"Yes, observed",On premises,No service,No,,Yes,,"No, unimproved or no toilets at the facility",,Yes,,No service,No,No,"No, hand hygiene stations are available but not functional, or lacking materials","No, no handwashing facilities are available",Limited,,Unsafe,Unsafe,Bins are present but don't meet all requirements,Open burning,Open burning,,No,,,No,,No service,No,No,"No, hand hygiene stations are available but not functional, or lacking materials","No, no handwashing facilities are available",No,,,,No taps inside,,,,,,,,,,,,,,,0.0,"Yes, but it does not work",Solar,None,15.0,7.0,,,,,,,,
Fredrik Asplund-6T99YZ089,CMI Bafata,Bafata,Bafata,4704353.0,2018-08-03 14:27:42,Basic,Improved,,Water is available on premises,Piped water inside Health Center,"Yes, observed",On premises,,Yes,,Yes,Yes,"Yes, at least one usable improved toilet",,Yes,Yes,Basic,Yes,Yes,Yes,Yes,Limited,,Safe,Safe,Bins are present but don't meet all requirements,Incinerated (brick incinerator),Incinerated (brick incinerator),,No,,,No,,Basic,Yes,Yes,Yes,Yes,"Yes, and it works",Directly from grid,0.0,No Reservoir,"Yes, water comes from at least one tap",8.0,8.0,,,,,,,,,,,,,0.0,Yes,Grid,,22.0,22.0,,,,,,,,
Fredrik Asplund-6T99YZ116,Mansoa,Oio,Mansoa,4703974.0,2018-08-03 14:27:42,,Improved,,,Tubewell / borehole,"Yes, observed",,,Yes,,Yes,,"Yes, at least one usable improved toilet",,Yes,,Limited,,Yes,,Yes,,,,,,,,,No,,,No,,Limited,,Yes,,Yes,"Yes, and it works",Solar pump from own waterpoint,20.0,Cement,"Yes, water comes from at least one tap",48.0,,,,,,,,,,,,,,0.0,Yes,Solar,Generator,0.0,,,,,,,,,
Fredrik Asplund-6T99YZ054,Plack ii,SAB,Plack II,4704119.0,2018-08-03 14:27:42,,Improved,,,Piped water inside Health Center,No ,,,Yes,,Yes,,"Yes, at least one usable improved toilet",,Yes,,Limited,,Yes,,Yes,,,,,,,,,No,,,No,,Limited,,Yes,,Yes,"Yes, but it does not work",Directly from grid,0.0,No Reservoir,"No, the tap inside does not give water",9.0,,,,,,,,,,,,,,0.0,Yes,Grid,Solar,45.0,10.0,,,,,,,,
Fredrik Asplund-6T99YZ010,Binta,Farim,Binta,4703345.0,2018-08-03 14:27:42,,Improved,,,Tubewell / borehole,No ,,No service,No,,Yes,,"No, unimproved or no toilets at the facility",,Yes,,Limited,,Yes,,Yes,,,,,,,,,No,,,No,,Limited,,Yes,,Yes,"Yes, but it does not work",Solar pump from own waterpoint,5.0,PVC,"No, the tap inside does not give water",15.0,,,,,,,,,,,,,,0.0,Yes,Solar,None,25.0,25.0,,,,,,,,
Fredrik Asplund-6T99YZ106,Ilonde,Biombo,Ilonde,4703888.0,2018-08-03 14:27:42,Limited,Improved,,Water is available on premises,Tubewell / borehole,No ,On premises,No service,No,,Yes,,"No, unimproved or no toilets at the facility",,Yes,,No service,No,No,"No, hand hygiene stations are available but not functional, or lacking materials","No, no handwashing facilities are available",Limited,,Unsafe,Unsafe,Bins are present but don't meet all requirements,Open burning,Open burning,,No,,,No,,No service,No,No,"No, hand hygiene stations are available but not functional, or lacking materials","No, no handwashing facilities are available","Yes, but it does not work",Solar pump from own waterpoint,3.0,PEAD,"No, the tap inside does not give water",7.0,,,,,,,,,,,,,,0.0,Yes,Solar,None,6.0,6.0,,,,,,,,
Fredrik Asplund-6T99YZ050,Ga Marque,Bolama,Sao-Joao ,4703565.0,2018-08-03 14:27:42,,Improved,,,Tubewell / borehole,"Yes, observed",,No service,No,,Yes,,"No, unimproved or no toilets at the facility",,Yes,,Limited,,Yes,,Yes,,,,,,,,,No,,,No,,Limited,,Yes,,Yes,"Yes, and it works",Electrical pump (Grid/generator) from own waterpoint,1.0,Cement,"Yes, water comes from at least one tap",6.0,6.0,,,,,,,,,,,,,0.0,"Yes, but it does not work",,None,8.0,2.0,,,,,,,,
Fredrik Asplund-6T99YZ004,Mafanco,Gabu,Mafanco,436102.0,2018-08-03 14:27:42,,Improved,,,Tubewell / borehole,"Yes, observed",,No service,No,,Yes,,"No, unimproved or no toilets at the facility",,Yes,,Limited,,Yes,,Yes,,,,,,,,,No,,,No,,Limited,,Yes,,Yes,"Yes, and it works",Solar pump from own waterpoint,5.0,PEAD,"Yes, water comes from at least one tap",5.0,2.0,,,,,,,,,,,,,0.0,Yes,Solar,None,14.0,14.0,,,,,,,,
Fredrik Asplund-6T99YZ015,Fajonquito,Bafata,Fajonquito,4703242.0,2018-08-03 14:27:42,,Improved,,,Protected dug well,No ,,Limited,No,,No,,"No, improved toilets are present but not usable",,No,,,,,,,,,,,,,,,No,,,No,,,,,,,"Yes, but it does not work",Solar pump from own waterpoint,2.0,PEAD,"No, the tap inside does not give water",11.0,,,,,,,,,,,,,,0.0,"Yes, but it does not work",Solar,None,4.0,1.0,,,,,,,,
Fredrik Asplund-6T99YZ021,Sare-Bacar,Bafata,Sare-Bacar,4703369.0,2018-08-03 14:27:42,,Improved,,,Protected dug well,No ,,Limited,Yes,,No,,"Yes, at least one usable improved toilet",,No,,Limited,,Yes,,Yes,,,,,,,,,No,,,No,,Limited,,Yes,,Yes,"Yes, but it does not work",Solar pump from own waterpoint,1.0,Cement,"No, the tap inside does not give water",21.0,,,,,,,,,,,,,,0.0,"Yes, but it does not work",Solar,None,6.0,1.0,,,,,,,,
Fredrik Asplund-6T99YZ047,Uracane,Bijagos,Uracane,435974.0,2018-08-03 14:27:42,,Improved,,,Protected dug well,No ,,Limited,Yes,,No,,"Yes, at least one usable improved toilet",,No,,,,No,,"No, no handwashing facilities are available",,,,,,,,,No,,,No,,,,No,,"No, no handwashing facilities are available","Yes, but it does not work",Electrical pump (Grid/generator) from own waterpoint,1.0,Cement,"No, the tap inside does not give water",6.0,,,,,,,,,,,,,,0.0,No,,,,,,,,,,,,
Fredrik Asplund-6T99YZ031,Cabedu,Tombali,Calaque,4704281.0,2018-08-03 14:27:42,,Improved,,,Tubewell / borehole,"Yes, observed",,Limited,Yes,,No,,"Yes, at least one usable improved toilet",,No,,Limited,,Yes,,Yes,,,,,,,,,No,,,No,,Limited,,Yes,,Yes,"Yes, and it works",Solar pump from own waterpoint,4.0,PEAD,"Yes, water comes from at least one tap",5.0,1.0,,,,,,,,,,,,,0.0,"Yes, but it does not work",Solar,None,14.0,1.0,,,,,,,,
Fredrik Asplund-6T99YZ071,Bafata,Bafata,Bafata,4703194.0,2018-08-03 14:27:42,,Improved,,,Tubewell / borehole,"Yes, observed",,No service,No,,,,"No, unimproved or no toilets at the facility",,,,Limited,,Yes,,Yes,,,,,,,,,No,,,No,,Limited,,Yes,,Yes,"Yes, and it works",Solar pump from own waterpoint,12.0,Metal,"Yes, water comes from at least one tap",,,,,,,,,,,,,,,0.0,Yes,Solar,Generator,1.0,1.0,,,,,,,,
Fredrik Asplund-6T99YZ120,Quebo,Tombali,Quebo,4704140.0,2018-08-03 14:27:42,,Improved,,,Tubewell / borehole,"Yes, observed",,,Yes,,Yes,,"Yes, at least one usable improved toilet",,Yes,,Limited,,Yes,,Yes,,,,,,,,,No,,,No,,Limited,,Yes,,Yes,"Yes, and it works",Solar pump from own waterpoint,4.0,PEAD,"Yes, water comes from at least one tap",30.0,2.0,,,,,,,,,,,,,0.0,"Yes, but it does not work",Solar,None,7.0,5.0,,,,,,,,
Fredrik Asplund-6T99YZ020,Tantam cosse,Bafata,Tantam Cosse,4703479.0,2018-08-03 14:27:42,,Improved,,,Protected dug well,No ,,No service,No,,Yes,,"No, unimproved or no toilets at the facility",,Yes,,Limited,,Yes,,Yes,,,,,,,,,No,,,No,,Limited,,Yes,,Yes,No,,,,No taps inside,,,,,,,,,,,,,,,0.0,No,,,,,,,,,,,,
Fredrik Asplund-6T99YZ055,Buruntuma,Gabu,Buruntuma,436047.0,2018-08-03 14:27:42,,Improved,,,Tubewell / borehole,"Yes, observed",,No service,No,,Yes,,"No, unimproved or no toilets at the facility",,Yes,,Limited,,Yes,,Yes,,,,,,,,,No,,,No,,Limited,,Yes,,Yes,"Yes, and it works",Electrical pump (Grid/generator) from own waterpoint,4.0,PEAD,"Yes, water comes from at least one tap",7.0,,,,,,,,,,,,,,0.0,Yes,,None,13.0,13.0,,,,,,,,
Fredrik Asplund-6T99YZ122,Olossato,Oio,Olossato,4704078.0,2018-08-03 14:27:42,Basic,Improved,,Water is available on premises,Tubewell / borehole,"Yes, observed",On premises,No service,No,,Yes,,"No, unimproved or no toilets at the facility",,Yes,,Basic,Yes,Yes,Yes,Yes,Limited,,Safe,Safe,Bins are present but don't meet all requirements,Incinerated (brick incinerator),Incinerated (brick incinerator),,No,,,No,,Basic,Yes,Yes,Yes,Yes,"Yes, and it works",Solar pump from own waterpoint,5.0,PVC,"Yes, water comes from at least one tap",13.0,9.0,,,,,,,,,,,,,0.0,Yes,Solar,None,24.0,24.0,,,,,,,,
Fredrik Asplund-6T99YZ038,Uno,Bijagos,Uno,436030.0,2018-08-03 14:27:42,,Improved,,,Protected dug well,No ,,Limited,No,,No,,"No, improved toilets are present but not usable",,No,,,,,,,,,,,,,,,No,,,No,,,,,,,"Yes, but it does not work",Solar pump from own waterpoint,1.0,Cement,"No, the tap inside does not give water",12.0,,,,,,,,,,,,,,0.0,Yes,Solar,None,5.0,5.0,,,,,,,,
Fredrik Asplund-6T99YZ084,Bula,Cacheu,Bula,4703503.0,2018-08-03 14:27:42,,Improved,,,Tubewell / borehole,"Yes, observed",,No service,No,,Yes,,"No, unimproved or no toilets at the facility",,Yes,,Limited,,Yes,,Yes,,,,,,,,,No,,,No,,Limited,,Yes,,Yes,"Yes, and it works",Solar pump from own waterpoint,10.0,Cement,"Yes, water comes from at least one tap",6.0,3.0,,,,,,,,,,,,,0.0,Yes,Solar,None,14.0,14.0,,,,,,,,
Fredrik Asplund-6T99YZ060,Mansadjam,Gabu,Mansadjam,436119.0,2018-08-03 14:27:42,,Improved,,,Tubewell / borehole,"Yes, observed",,No service,No,,Yes,,"No, unimproved or no toilets at the facility",,Yes,,,,No,,"No, no handwashing facilities are available",,,,,,,,,No,,,No,,,,No,,"No, no handwashing facilities are available","Yes, and it works",Solar pump from own waterpoint,5.0,PEAD,"Yes, water comes from at least one tap",,,,,,,,,,,,,,,0.0,"Yes, but it does not work",Solar,None,7.0,3.0,,,,,,,,
Fredrik Asplund-6T99YZ135,Tumana,Gabu,Tumana,4704308.0,2018-08-03 14:27:42,Basic,Improved,,Water is available on premises,Tubewell / borehole,"Yes, observed",On premises,Limited,Yes,No,Yes,No,"Yes, at least one usable improved toilet","No, female-only toilets do not have menstrual hygiene facilities",Yes,No,Basic,Yes,Yes,Yes,Yes,Limited,,Unsafe,Unsafe,Bins are present but don't meet all requirements,Open burning,Open burning,,No,,,No,,Basic,Yes,Yes,Yes,Yes,"Yes, and it works",Solar pump from own waterpoint,6.0,PVC,"Yes, water comes from at least one tap",14.0,7.0,,,,,,,,,,,,,0.0,Yes,Solar,None,17.0,17.0,,,,,,,,
Fredrik Asplund-6T99YZ045,Indjassane,Quinara,Buba,4703929.0,2018-08-03 14:27:42,,Improved,,,Protected dug well,No ,,Limited,Yes,,No,,"Yes, at least one usable improved toilet",,No,,,,No,,"No, no handwashing facilities are available",,,,,,,,,No,,,No,,,,No,,"No, no handwashing facilities are available",No,,,,No taps inside,,,,,,,,,,,,,,,0.0,Yes,Solar,None,5.0,5.0,,,,,,,,
Fredrik Asplund-6T99YZ082,Buba,Quinara,Buba,4703486.0,2018-08-03 14:27:42,,Improved,,,Tubewell / borehole,"Yes, observed",,,Yes,,Yes,,"Yes, at least one usable improved toilet",,Yes,,,,No,,"No, no handwashing facilities are available",,,,,,,,,No,,,No,,,,No,,"No, no handwashing facilities are available","Yes, and it works",Solar pump from own waterpoint,2.0,PEAD,"Yes, water comes from at least one tap",34.0,14.0,,,,,,,,,,,,,0.0,"Yes, but it does not work",Solar,Generator,7.0,0.0,,,,,,,,
Fredrik Asplund-6T99YZ115,Luanda,SAB,Luanda,4703943.0,2018-08-03 14:27:42,Limited,Improved,,Water is available on premises,Piped water inside Health Center,No ,On premises,Limited,Yes,No,Yes,No,"Yes, at least one usable improved toilet","No, female-only toilets do not have menstrual hygiene facilities",Yes,No,Basic,Yes,Yes,Yes,Yes,Limited,,Safe,Safe,Bins are present but don't meet all requirements,"Not treated, but collected for medical waste disposal","Not treated, but collected for medical waste disposal",,No,,,No,,Basic,Yes,Yes,Yes,Yes,No,,,,No taps inside,,,,,,,,,,,,,,,0.0,Yes,Grid,None,42.0,10.0,,,,,,,,
Fredrik Asplund-6T99YZ083,Bubaque,Bijagos,Bubaque,4703493.0,2018-08-03 14:27:42,,Improved,,,Tubewell / borehole,"Yes, observed",,Limited,No,,No,,"No, improved toilets are present but not usable",,No,,,,,,,,,,,,,,,No,,,No,,,,,,,"Yes, and it works",Solar pump from own waterpoint,4.0,,"Yes, water comes from at least one tap",3.0,1.0,,,,,,,,,,,,,0.0,Yes,,,,,,,,,,,,
Fredrik Asplund-6T99YZ080,Cacine,Tombali,Cacine,4703541.0,2018-08-03 14:27:42,,Improved,,,Tubewell / borehole,"Yes, observed",,No service,No,,No,,"No, unimproved or no toilets at the facility",,No,,,,,,,,,,,,,,,No,,,No,,,,,,,"Yes, and it works",Hand pump to tank from own waterpoint ,4.0,PEAD,"Yes, water comes from at least one tap",33.0,,,,,,,,,,,,,,0.0,Yes,Solar,None,71.0,71.0,,,,,,,,
Fredrik Asplund-6T99YZ017,Cambadju,Bafata,Cambadju,4703596.0,2018-08-03 14:27:42,,Improved,,,Tubewell / borehole,"Yes, observed",,No service,No,,Yes,,"No, unimproved or no toilets at the facility",,Yes,,Limited,,Yes,,Yes,,,,,,,,,No,,,No,,Limited,,Yes,,Yes,"Yes, and it works",Solar pump from own waterpoint,0.0,No Reservoir,"Yes, water comes from at least one tap",5.0,4.0,,,,,,,,,,,,,0.0,"Yes, but it does not work",Solar,None,3.0,1.0,,,,,,,,
Fredrik Asplund-6T99YZ019,Tendinto,Bafata,Tendinto,4703510.0,2018-08-03 14:27:42,,Improved,,,Protected dug well,No ,,No service,No,,No,,"No, unimproved or no toilets at the facility",,No,,,,,,,,,,,,,,,No,,,No,,,,,,,"Yes, but it does not work",Electrical pump (Grid/generator) from own waterpoint,1.0,Cement,"No, the tap inside does not give water",14.0,,,,,,,,,,,,,,0.0,No,,,,,,,,,,,,
Fredrik Asplund-6T99YZ078,cadique,Tombali,Calaque,4703558.0,2018-08-03 14:27:42,Basic,Improved,,Water is available on premises,Protected dug well,"Yes, observed",On premises,No service,No,,No,,"No, unimproved or no toilets at the facility",,No,,No service,No,No,"No, hand hygiene stations are available but not functional, or lacking materials","No, handwashing facilities are available but not functional, or lacking soap and/or water",Limited,,Unsafe,Unsafe,Bins are present but don't meet all requirements,Open burning,Open burning,,No,,,No,,No service,No,No,"No, hand hygiene stations are available but not functional, or lacking materials","No, handwashing facilities are available but not functional, or lacking soap and/or water",No,,,,No taps inside,,,,,,,,,,,,,,,0.0,,,,0.0,,,,,,,,,
Fredrik Asplund-6T99YZ099,CMI Gabu,Gabu,Gabu,4704360.0,2018-08-03 14:27:42,Basic,Improved,,Water is available on premises,Tubewell / borehole,"Yes, observed",On premises,Limited,Yes,No,Yes,Yes,"Yes, at least one usable improved toilet","No, female-only toilets do not have menstrual hygiene facilities",Yes,Yes,Basic,Yes,Yes,Yes,Yes,Limited,,Unsafe,Unsafe,Bins are present but don't meet all requirements,Open burning,Open burning,,No,,,No,,Basic,Yes,Yes,Yes,Yes,"Yes, and it works",Solar pump from own waterpoint,5.0,PEAD,"Yes, water comes from at least one tap",7.0,7.0,,,,,,,,,,,,,0.0,"Yes, but it does not work",,None,0.0,,,,,,,,,
Fredrik Asplund-6T99YZ034,Dar-Es-Salam,Quinara,Dar-Es-Salam,4703895.0,2018-08-03 14:27:42,,Improved,,,Protected dug well,No ,,No service,No,,No,,"No, unimproved or no toilets at the facility",,No,,,,,,,,,,,,,,,No,,,No,,,,,,,"Yes, but it does not work",Solar pump from own waterpoint,0.5,Cement,"No, the tap inside does not give water",13.0,,,,,,,,,,,,,,0.0,Yes,Solar,None,5.0,5.0,,,,,,,,
Fredrik Asplund-6T99YZ048,Orango Grande,Bijagos,Orango Grande,436023.0,2018-08-03 14:27:42,,Improved,,,Protected dug well,No ,,No service,No,,Yes,,"No, unimproved or no toilets at the facility",,Yes,,Limited,,Yes,,Yes,,,,,,,,,No,,,No,,Limited,,Yes,,Yes,"Yes, but it does not work",Solar pump from own waterpoint,3.0,PEAD,"No, the tap inside does not give water",9.0,,,,,,,,,,,,,,0.0,Yes,Solar,None,5.0,5.0,,,,,,,,
Fredrik Asplund-6T99YZ003,Paunca,Gabu,Paunca,4704092.0,2018-08-03 14:27:42,Basic,Improved,,Water is available on premises,Tubewell / borehole,"Yes, observed",On premises,Limited,Yes,No,Yes,Yes,"Yes, at least one usable improved toilet","No, female-only toilets do not have menstrual hygiene facilities",Yes,Yes,Basic,Yes,Yes,Yes,Yes,Limited,,Safe,Safe,Bins are present but don't meet all requirements,Incinerated (brick incinerator),Incinerated (brick incinerator),,No,,,No,,Basic,Yes,Yes,Yes,Yes,"Yes, and it works",Solar pump from own waterpoint,6.0,PEAD,"Yes, water comes from at least one tap",11.0,3.0,,,,,,,,,,,,,0.0,Yes,Solar,None,23.0,23.0,,,,,,,,
Fredrik Asplund-6T99YZ006,Mores,Oio,Mores,4704054.0,2018-08-03 14:27:42,,Improved,,,Tubewell / borehole,No ,,No service,No,,No,,"No, unimproved or no toilets at the facility",,No,,,,,,,,,,,,,,,No,,,No,,,,,,,"Yes, but it does not work",Solar pump from own waterpoint,5.0,PEAD,"No, the tap inside does not give water",6.0,,,,,,,,,,,,,,0.0,Yes,Solar,None,13.0,13.0,,,,,,,,
Fredrik Asplund-6T99YZ104,Empada,Quinara,Empada,4704425.0,2018-08-03 14:27:42,Limited,Improved,,Water is available on premises,Tubewell / borehole,No ,On premises,Limited,No,No,Yes,No,"No, improved toilets are present but not usable","No, there are no female-only toilets",Yes,No,Basic,Yes,Yes,Yes,Yes,Limited,,Unsafe,Unsafe,Bins are present but don't meet all requirements,Open burning,Open burning,,No,,,No,,Basic,Yes,Yes,Yes,Yes,"Yes, but it does not work",Solar pump from own waterpoint,4.0,PEAD,"No, the tap inside does not give water",0.0,,,,,,,,,,,,,,0.0,Yes,Solar,None,10.0,5.0,,,,,,,,
Fredrik Asplund-6T99YZ063,Batambali,Quinara,Buba,4704432.0,2018-08-03 14:27:42,Limited,Improved,,Water is available on premises,Tubewell / borehole,No ,On premises,No service,No,,No,,"No, unimproved or no toilets at the facility",,No,,No service,No,No,"No, no hand hygiene stations are available","No, no handwashing facilities are available",No service,No,Unsafe,Unsafe,No,Open burning,Open burning,,No,,,No,,No service,No,No,"No, no hand hygiene stations are available","No, no handwashing facilities are available",No,,,,No taps inside,,,,,,,,,,,,,,,0.0,No,,,,,,,,,,,,
Fredrik Asplund-6T99YZ066,Bara,Cacheu,Bara,4703259.0,2018-08-03 14:27:42,Limited,Improved,,Water is available on premises,Tubewell / borehole,No ,On premises,Limited,No,No,No,No,"No, improved toilets are present but not usable","No, there are no female-only toilets",No,No,Limited,Yes,No,Yes,"No, no handwashing facilities are available",Limited,,Safe,Safe,Bins are present but don't meet all requirements,Incinerated (brick incinerator),Incinerated (brick incinerator),,No,,,No,,Limited,Yes,No,Yes,"No, no handwashing facilities are available","Yes, but it does not work",Electrical pump (Grid/generator) from own waterpoint,4.0,Metal,"No, the tap inside does not give water",15.0,,,,,,,,,,,,,,0.0,No,,,,,,,,,,,,
Fredrik Asplund-6T99YZ103,Fulacunda,Quinara,Fulacunda,4703792.0,2018-08-03 14:27:42,Limited,Improved,,Water is available on premises,Tubewell / borehole,No ,On premises,Limited,Yes,No,Yes,No,"Yes, at least one usable improved toilet","No, female-only toilets do not have menstrual hygiene facilities",Yes,No,No service,No,No,"No, hand hygiene stations are available but not functional, or lacking materials","No, no handwashing facilities are available",Limited,,Unsafe,Unsafe,Bins are present but don't meet all requirements,Open burning,Open burning,,No,,,No,,No service,No,No,"No, hand hygiene stations are available but not functional, or lacking materials","No, no handwashing facilities are available","Yes, but it does not work",Solar pump from own waterpoint,2.0,PEAD,"No, the tap inside does not give water",0.0,,,,,,,,,,,,,,0.0,Yes,Solar,None,13.0,13.0,,,,,,,,
Fredrik Asplund-6T99YZ024,Ga Mamudo Health Facility,Bafata,Ga-Gamamudo,86688671.0,2018-08-03 14:27:42,,Improved,,,Tubewell / borehole,No ,,Limited,Yes,,No,,"Yes, at least one usable improved toilet",,No,,,,,,,,,,,,,,,No,,,No,,,,,,,"Yes, but it does not work",Solar pump from own waterpoint,1.0,Cement,"No, the tap inside does not give water",13.0,,,,,,,,,,,,,,0.0,Yes,Solar,None,4.0,4.0,,,,,,,,
Fredrik Asplund-6T99YZ088,Canchungo,Cacheu,Canchungo,4703606.0,2018-08-03 14:27:42,,Improved,,,Tubewell / borehole,"Yes, observed",,No service,No,,,,"No, unimproved or no toilets at the facility",,,,Limited,,Yes,,Yes,,,,,,,,,No,,,No,,Limited,,Yes,,Yes,"Yes, and it works",Solar pump from own waterpoint,150.0,Cement,"Yes, water comes from at least one tap",,,,,,,,,,,,,,,0.0,Yes,Solar,Generator,0.0,,,,,,,,,
Fredrik Asplund-6T99YZ057,Bajocunda,Gabu,Bajocunda,4703211.0,2018-08-03 14:27:42,Basic,Improved,,Water is available on premises,Protected dug well,"Yes, observed",On premises,No service,No,,Yes,,"No, unimproved or no toilets at the facility",,Yes,,Basic,Yes,Yes,Yes,Yes,Limited,,Unsafe,Unsafe,Bins are present but don't meet all requirements,Open burning,Open burning,,No,,,No,,Basic,Yes,Yes,Yes,Yes,"Yes, and it works",Solar pump from own waterpoint,5.0,PEAD,"Yes, water comes from at least one tap",8.0,6.0,,,,,,,,,,,,,0.0,Yes,Solar,None,12.0,12.0,,,,,,,,
Fredrik Asplund-6T99YZ073,Bandim,SAB,Bandim,4703235.0,2018-08-03 14:27:42,Limited,Improved,,Water is available on premises,Piped water inside Health Center,No ,On premises,Limited,Yes,No,Yes,Yes,"Yes, at least one usable improved toilet","No, female-only toilets do not have menstrual hygiene facilities",Yes,Yes,Basic,Yes,Yes,Yes,Yes,Limited,,Unsafe,Unsafe,Bins are present but don't meet all requirements,Open burning,Open burning,,No,,,No,,Basic,Yes,Yes,Yes,Yes,"Yes, but it does not work",Directly from grid,0.0,No Reservoir,"No, the tap inside does not give water",,,,,,,,,,,,,,,0.0,Yes,Grid,None,42.0,42.0,,,,,,,,
Fredrik Asplund-6T99YZ079,Bijimita,Biombo,Bijimita,4703321.0,2018-08-03 14:27:42,Limited,Improved,,Water is available on premises,Tubewell / borehole,No ,On premises,No service,No,,No,,"No, unimproved or no toilets at the facility",,No,,No service,No,No,"No, no hand hygiene stations are available","No, no handwashing facilities are available",Limited,,Safe,Safe,Bins are present but don't meet all requirements,Incinerated (brick incinerator),Incinerated (brick incinerator),,No,,,No,,No service,No,No,"No, no hand hygiene stations are available","No, no handwashing facilities are available",No,,,,No taps inside,,,,,,,,,,,,,,,0.0,Yes,Solar,None,4.0,4.0,,,,,,,,
Fredrik Asplund-6T99YZ064,Dara,Gabu,Dara,436092.0,2018-08-03 14:27:42,Basic,Improved,,Water is available on premises,Tubewell / borehole,"Yes, observed",On premises,No service,No,,Yes,,"No, unimproved or no toilets at the facility",,Yes,,Basic,Yes,Yes,Yes,Yes,Limited,,Unsafe,Unsafe,Bins are present but don't meet all requirements,Open burning,Open burning,,No,,,No,,Basic,Yes,Yes,Yes,Yes,"Yes, and it works",Solar pump from own waterpoint,5.0,PEAD,"Yes, water comes from at least one tap",5.0,4.0,,,,,,,,,,,,,0.0,"Yes, but it does not work",Solar,None,10.0,5.0,,,,,,,,
Fredrik Asplund-6T99YZ098,Cumura,Biombo,Cumura,4703709.0,2018-08-03 14:27:42,Basic,Improved,,Water is available on premises,Piped water inside Health Center,"Yes, observed",On premises,Limited,Yes,Yes,Yes,No,"Yes, at least one usable improved toilet",Yes,Yes,No,Basic,Yes,Yes,Yes,Yes,Limited,,Unsafe,Unsafe,Bins are present but don't meet all requirements,Open burning,Open burning,,No,,,No,,Basic,Yes,Yes,Yes,Yes,"Yes, and it works",Grid to overhead water tank,,,"Yes, water comes from at least one tap",5.0,5.0,,,,,,,,,,,,,0.0,Yes,Grid,,0.0,,,,,,,,,
Fredrik Asplund-6T99YZ014,Ga-Mamudo,Oio,Ga-Mamudo,4703840.0,2018-08-03 14:27:42,,Improved,,,Tubewell / borehole,No ,,No service,No,,Yes,,"No, unimproved or no toilets at the facility",,Yes,,Limited,,Yes,,Yes,,,,,,,,,No,,,No,,Limited,,Yes,,Yes,"Yes, but it does not work",Solar pump from own waterpoint,5.0,PEAD,"No, the tap inside does not give water",6.0,,,,,,,,,,,,,,0.0,Yes,Solar,None,12.0,12.0,,,,,,,,
Fredrik Asplund-6T99YZ096,CMI Canchungo,Cacheu,Canchungo,4704346.0,2018-08-03 14:27:42,Limited,Improved,,Water is available on premises,Tubewell / borehole,No ,On premises,No service,No,,Yes,,"No, unimproved or no toilets at the facility",,Yes,,Basic,Yes,Yes,Yes,Yes,Limited,,Unsafe,Unsafe,Bins are present but don't meet all requirements,Open burning,Open burning,,No,,,No,,Basic,Yes,Yes,Yes,Yes,"Yes, but it does not work",Directly from grid,0.0,No Reservoir,"No, the tap inside does not give water",3.0,,,,,,,,,,,,,,0.0,No,,,,,,,,,,,,
Fredrik Asplund-6T99YZ126,Simao Mendes,SAB,Cmi,4704243.0,2018-08-03 14:27:42,Basic,Improved,,Water is available on premises,Tubewell / borehole,"Yes, observed",On premises,No service,No,,,,"No, unimproved or no toilets at the facility",,,,Limited,,Yes,,Yes,,,,,,,,,No,,,No,,Limited,,Yes,,Yes,"Yes, and it works",Electrical pump (Grid/generator) from own waterpoint,250.0,,"Yes, water comes from at least one tap",,,,,,,2019-01-01,,2019-01-01,,,,2019-01-01,,3.0,Yes,Grid,Generator,,,,,,,,,,
Fredrik Asplund-6T99YZ101,Cuntum,SAB,Cuntum,4703723.0,2018-08-03 14:27:42,Basic,Improved,,Water is available on premises,Tubewell / borehole,"Yes, observed",On premises,Limited,No,No,Yes,No,"No, improved toilets are present but not usable","No, there are no female-only toilets",Yes,No,Basic,Yes,Yes,Yes,Yes,Limited,,Unsafe,Unsafe,Bins are present but don't meet all requirements,Open burning,Open burning,,No,,,No,,Basic,Yes,Yes,Yes,Yes,"Yes, and it works",Electrical pump (Grid/generator) from own waterpoint,0.0,No Reservoir,"Yes, water comes from at least one tap",8.0,8.0,,,,,,,,,,,,,0.0,Yes,Grid,Solar,11.0,11.0,,,,,,,,
Fredrik Asplund-6T99YZ053,Belem,SAB,Belem,4703297.0,2018-08-03 14:27:42,Basic,Improved,,Water is available on premises,Piped water inside Health Center,"Yes, observed",On premises,No service,No,,No,,"No, unimproved or no toilets at the facility",,No,,Basic,Yes,Yes,Yes,Yes,Limited,,Safe,Safe,Bins are present but don't meet all requirements,"Not treated, but collected for medical waste disposal","Not treated, but collected for medical waste disposal",,No,,,No,,Basic,Yes,Yes,Yes,Yes,"Yes, and it works",Grid to overhead water tank,6.0,,"Yes, water comes from at least one tap",10.0,10.0,,,,,,,,,,,,,0.0,Yes,Grid,Solar,19.0,10.0,,,,,,,,
Fredrik Asplund-6T99YZ132,Tite,Quinara,Tite,4704298.0,2018-08-03 14:27:42,Basic,Improved,,Water is available on premises,Tubewell / borehole,"Yes, observed",On premises,Limited,Yes,No,Yes,Yes,"Yes, at least one usable improved toilet","No, female-only toilets do not have menstrual hygiene facilities",Yes,Yes,No service,No,No,"No, hand hygiene stations are available but not functional, or lacking materials","No, no handwashing facilities are available",Limited,,Unsafe,Unsafe,Bins are present but don't meet all requirements,Open burning,Open burning,,No,,,No,,No service,No,No,"No, hand hygiene stations are available but not functional, or lacking materials","No, no handwashing facilities are available","Yes, and it works",Solar pump from own waterpoint,8.0,Metal,"Yes, water comes from at least one tap",,,,,,,,,,,,,,,0.0,Yes,Solar,Generator,10.0,10.0,,,,,,,,
Fredrik Asplund-6T99YZ109,Geba,Bafata,Geba,4703314.0,2018-08-03 14:27:42,Limited,Improved,,Water is available on premises,Tubewell / borehole,No ,On premises,Limited,No,No,No,No,"No, improved toilets are present but not usable","No, there are no female-only toilets",No,No,No service,No,No,"No, hand hygiene stations are available but not functional, or lacking materials","No, no handwashing facilities are available",Limited,,Safe,Safe,Bins are present but don't meet all requirements,Incinerated (brick incinerator),Incinerated (brick incinerator),,No,,,No,,No service,No,No,"No, hand hygiene stations are available but not functional, or lacking materials","No, no handwashing facilities are available","Yes, but it does not work",Electrical pump (Grid/generator) from own waterpoint,3.0,Cement,"No, the tap inside does not give water",18.0,,,,,,,,,,,,,,0.0,No,,,,,,,,,,,,
Fredrik Asplund-6T99YZ124,Prabis,Biombo,Prabis,4704133.0,2018-08-03 14:27:42,Limited,Improved,,Water is available on premises,Tubewell / borehole,No ,On premises,No service,No,,Yes,,"No, unimproved or no toilets at the facility",,Yes,,Basic,Yes,Yes,Yes,Yes,Limited,,Safe,Safe,Bins are present but don't meet all requirements,Incinerated (brick incinerator),Incinerated (brick incinerator),,No,,,No,,Basic,Yes,Yes,Yes,Yes,"Yes, but it does not work",Solar pump from own waterpoint,4.0,Metal,"No, the tap inside does not give water",7.0,,,,,,,,,,,,,,0.0,"Yes, but it does not work",Solar,None,12.0,6.0,,,,,,,,
Fredrik Asplund-6T99YZ121,Ondame,Biombo,Ondame,4704085.0,2018-08-03 14:27:42,Limited,Improved,,Water is available on premises,Tubewell / borehole,No ,On premises,No service,No,,Yes,,"No, unimproved or no toilets at the facility",,Yes,,Basic,Yes,Yes,Yes,Yes,Limited,,Safe,Safe,Bins are present but don't meet all requirements,Incinerated (brick incinerator),Incinerated (brick incinerator),,No,,,No,,Basic,Yes,Yes,Yes,Yes,"Yes, but it does not work",Solar pump from own waterpoint,3.75,Metal,"No, the tap inside does not give water",4.0,,,,,,,,,,,,,,0.0,Yes,Solar,None,8.0,8.0,,,,,,,,
Fredrik Asplund-6T99YZ134,Timbo,Tombali,Timbo,4704267.0,2018-08-03 14:27:42,Basic,Improved,,Water is available on premises,Tubewell / borehole,"Yes, observed",On premises,Limited,No,,No,,"No, improved toilets are present but not usable",,No,,,,,,,,,,,,,,,No,,,No,,,,,,,"Yes, and it works",Hand pump to tank from own waterpoint ,4.0,PEAD,"Yes, water comes from at least one tap",14.0,1.0,,,,,,,,,,,,,0.0,No,,,,,,,,,,,,
Fredrik Asplund-6T99YZ105,Cuntima,Farim,Cuntima,4703716.0,2018-08-03 14:27:42,Basic,Improved,,Water is available on premises,Tubewell / borehole,"Yes, observed",On premises,Limited,Yes,No,Yes,No,"Yes, at least one usable improved toilet","No, there are no female-only toilets",Yes,No,Basic,Yes,Yes,Yes,Yes,Limited,,Safe,Safe,Bins are present but don't meet all requirements,Incinerated (brick incinerator),Incinerated (brick incinerator),,No,,,No,,Basic,Yes,Yes,Yes,Yes,"Yes, and it works",Solar pump from own waterpoint,5.0,PVC,"Yes, water comes from at least one tap",18.0,6.0,,,,,,,,,,,,,0.0,"Yes, but it does not work",Solar,None,15.0,7.0,,,,,,,,
Fredrik Asplund-6T99YZ130,Sao Domingos,Cacheu,Sao Domingas ,4704205.0,2018-08-03 14:27:42,,Improved,,,Tubewell / borehole,"Yes, observed",,,Yes,,Yes,,"Yes, at least one usable improved toilet",,Yes,,Limited,,Yes,,Yes,,,,,,,,,No,,,No,,Limited,,Yes,,Yes,"Yes, and it works",Solar pump from own waterpoint,2.0,PVC,"Yes, water comes from at least one tap",87.0,63.0,,,,,,,,,,,,,0.0,Yes,Solar,Generator,40.0,40.0,,,,,,,,
Fredrik Asplund-6T99YZ032,Sanconha,Tombali,Sanconha,4704229.0,2018-08-03 14:27:42,,Improved,,,Tubewell / borehole,"Yes, observed",,Limited,No,,No,,"No, improved toilets are present but not usable",,No,,Limited,,Yes,,Yes,,,,,,,,,No,,,No,,Limited,,Yes,,Yes,"Yes, and it works",Hand pump to tank from own waterpoint ,4.0,PEAD,"Yes, water comes from at least one tap",,,,,,,,,,,,,,,0.0,No,,,,,,,,,,,,
Fredrik Asplund-6T99YZ036,Ga Tongo,Bolama,Sao-Joao ,4703675.0,2018-08-03 14:27:42,,Improved,,,Tubewell / borehole,No ,,No service,No,,Yes,,"No, unimproved or no toilets at the facility",,Yes,,,,No,,"No, no handwashing facilities are available",,,,,,,,,No,,,No,,,,No,,"No, no handwashing facilities are available",No,,,,No taps inside,,,,,,,,,,,,,,,0.0,No,,,,,,,,,,,,
Fredrik Asplund-6T99YZ100,Dorse,Biombo,Dorse,4703747.0,2018-08-03 14:27:42,Basic,Improved,,Water is available on premises,Tubewell / borehole,"Yes, observed",On premises,No service,No,,Yes,,"No, unimproved or no toilets at the facility",,Yes,,Basic,Yes,Yes,Yes,Yes,Limited,,Safe,Safe,Bins are present but don't meet all requirements,Incinerated (brick incinerator),Incinerated (brick incinerator),,No,,,No,,Basic,Yes,Yes,Yes,Yes,"Yes, and it works",Solar pump from own waterpoint,5.0,Cement,"Yes, water comes from at least one tap",8.0,6.0,2019-01-01,,,,,,,,,,,,1.0,Yes,Solar,None,10.0,10.0,2019-01-01,15.0,270.0,2019-01-01,8.0,265.0,2019-01-01,BADEA
Fredrik Asplund-6T99YZ076,Cacheu,Cacheu,Cacheu,4703534.0,2018-08-03 14:27:42,Basic,Improved,,Water is available on premises,Tubewell / borehole,"Yes, observed",On premises,Basic,Yes,Yes,Yes,Yes,"Yes, at least one usable improved toilet",Yes,Yes,Yes,Basic,Yes,Yes,Yes,Yes,Limited,,Safe,Safe,Bins are present but don't meet all requirements,Incinerated (brick incinerator),Incinerated (brick incinerator),,No,,,No,,Basic,Yes,Yes,Yes,Yes,"Yes, and it works",Solar pump from own waterpoint,4.0,PVC,"Yes, water comes from at least one tap",20.0,12.0,,,,,,,,,,,,,0.0,Yes,Solar,None,48.0,48.0,,,,,,,,
Fredrik Asplund-6T99YZ074,Bolama,Bolama,Bolama,4703462.0,2018-08-03 14:27:42,,Improved,,,Piped water inside Health Center,"Yes, observed",,No service,No,,,,"No, unimproved or no toilets at the facility",,,,,,,,,,,,,,,,,No,,,No,,,,,,,"Yes, and it works",Directly from grid,,,,,,2018-01-01,,,,,,,,,,,,1.0,Yes,Solar,,90.0,90.0,2018-01-01,9.0,,,,,2018-01-01,IMVF
Fredrik Asplund-6T99YZ012,Mansaba,Oio,Mansaba,4703967.0,2018-08-03 14:27:42,,Improved,,,Tubewell / borehole,No ,,No service,No,,Yes,,"No, unimproved or no toilets at the facility",,Yes,,Limited,,Yes,,Yes,,,,,,,,,No,,,No,,Limited,,Yes,,Yes,"Yes, but it does not work",Solar pump from own waterpoint,5.0,PEAD,"No, the tap inside does not give water",5.0,,,,,,,,,,,,,,0.0,Yes,Solar,None,20.0,20.0,,,,,,,,
Fredrik Asplund-6T99YZ085,Candjambari,Farim,Candjambari,4703613.0,2018-08-03 14:27:42,Basic,Improved,,Water is available on premises,Tubewell / borehole,"Yes, observed",On premises,No service,No,,No,,"No, unimproved or no toilets at the facility",,No,,No service,No,No,"No, hand hygiene stations are available but not functional, or lacking materials","No, handwashing facilities are available but not functional, or lacking soap and/or water",Limited,,Safe,Safe,Bins are present but don't meet all requirements,Incinerated (brick incinerator),Incinerated (brick incinerator),,No,,,No,,No service,No,No,"No, hand hygiene stations are available but not functional, or lacking materials","No, handwashing facilities are available but not functional, or lacking soap and/or water","Yes, and it works",Solar pump from own waterpoint,5.0,PVC,"Yes, water comes from at least one tap",5.0,2.0,,,,,,,,,,,,,0.0,Yes,Solar,None,11.0,11.0,,,,,,,,
Fredrik Asplund-6T99YZ046,Formosa,Bijagos,Formosa,436016.0,2018-08-03 14:27:42,,Improved,,,Protected dug well,No ,,Limited,Yes,,No,,"Yes, at least one usable improved toilet",,No,,Limited,,Yes,,Yes,,,,,,,,,No,,,No,,Limited,,Yes,,Yes,"Yes, but it does not work",Electrical pump (Grid/generator) from own waterpoint,1.0,Cement,"No, the tap inside does not give water",0.0,,,,,,,,,,,,,,0.0,No,,,,,,,,,,,,
Fredrik Asplund-6T99YZ065,Bairro militar,SAB,Bairro Militar,4703204.0,2018-08-03 14:27:42,Limited,Improved,,Water is available on premises,Piped water inside Health Center,No ,On premises,Basic,Yes,Yes,Yes,Yes,"Yes, at least one usable improved toilet",Yes,Yes,Yes,Basic,Yes,Yes,Yes,Yes,Limited,,Safe,Safe,Bins are present but don't meet all requirements,Incinerated (brick incinerator),Incinerated (brick incinerator),,No,,,No,,Basic,Yes,Yes,Yes,Yes,"Yes, but it does not work",Grid to overhead water tank,5.0,,"No, the tap inside does not give water",20.0,,,,,,,,,,,,,,0.0,Yes,Grid,None,50.0,10.0,,,,,,,,
Fredrik Asplund-6T99YZ011,Encheia,Oio,Encheia,4703754.0,2018-08-03 14:27:42,,Improved,,,Tubewell / borehole,No ,,No service,No,,Yes,,"No, unimproved or no toilets at the facility",,Yes,,Limited,,Yes,,Yes,,,,,,,,,No,,,No,,Limited,,Yes,,Yes,"Yes, but it does not work",Solar pump from own waterpoint,5.0,PVC,"No, the tap inside does not give water",7.0,,,,,,,,,,,,,,0.0,Yes,Solar,None,10.0,10.0,,,,,,,,
Fredrik Asplund-6T99YZ016,Guidage,Farim,Guidage,4703871.0,2018-08-03 14:27:42,,Improved,,,Tubewell / borehole,No ,,No service,No,,Yes,,"No, unimproved or no toilets at the facility",,Yes,,Limited,,Yes,,Yes,,,,,,,,,No,,,No,,Limited,,Yes,,Yes,"Yes, but it does not work",Solar pump from own waterpoint,5.0,PEAD,"No, the tap inside does not give water",13.0,,,,,,,,,,,,,,0.0,Yes,Solar,None,22.0,22.0,,,,,,,,
Fredrik Asplund-6T99YZ041,Canhabaque,Bijagos,Canhabaque,435998.0,2018-08-03 14:27:42,,Improved,,,Protected dug well,No ,,No service,No,,Yes,,"No, unimproved or no toilets at the facility",,Yes,,Limited,,Yes,,Yes,,,,,,,,,No,,,No,,Limited,,Yes,,Yes,"Yes, but it does not work",Solar pump from own waterpoint,10.0,PVC,"No, the tap inside does not give water",1.0,,,,,,,,,,,,,,0.0,"Yes, but it does not work",Solar,None,2.0,1.0,,,,,,,,
Fredrik Asplund-6T99YZ042,Unhocomo,Bijagos,Unhocomo,435967.0,2018-08-03 14:27:42,Limited,Improved,,Within 500m,Protected dug well,No ,Within 500 m,Limited,No,,No,,"No, improved toilets are present but not usable",,No,,Limited,,Yes,,Yes,,,,,,,,,No,,,No,,Limited,,Yes,,Yes,No,,,,No taps inside,,,,,,,,,,,,,,,0.0,No,,,,,,,,,,,,
Fredrik Asplund-6T99YZ040,Canogo,Bijagos,Canogo,435929.0,2018-08-03 14:27:42,,Improved,,,Protected dug well,No ,,Limited,No,,No,,"No, improved toilets are present but not usable",,No,,,,,,,,,,,,,,,No,,,No,,,,,,,"Yes, but it does not work",Hand pump to tank from own waterpoint ,1.0,Cement,"No, the tap inside does not give water",4.0,,,,,,,,,,,,,,0.0,No,,,,,,,,,,,,
Fredrik Asplund-6T99YZ001,Pitche,Gabu,Pitche,436133.0,2018-08-03 14:27:42,,Improved,,,Tubewell / borehole,"Yes, observed",,No service,No,,Yes,,"No, unimproved or no toilets at the facility",,Yes,,Limited,,Yes,,Yes,,,,,,,,,No,,,No,,Limited,,Yes,,Yes,"Yes, and it works",Solar pump from own waterpoint,5.0,PEAD,"Yes, water comes from at least one tap",15.0,9.0,,,,,,,,,,,,,0.0,Yes,Solar,None,25.0,25.0,,,,,,,,
Fredrik Asplund-6T99YZ119,Nhala,Quinara,Buba,4704401.0,2018-08-03 14:27:42,No service,,1.0,,,No ,No water source available,No service,No,,No,,"No, unimproved or no toilets at the facility",,No,,,,,,,,,,,,,,,No,,,No,,,,,,,No,,,,No taps inside,,,,,,,,,,,,,,,0.0,No,,,,,,,,,,,,
Fredrik Asplund-6T99YZ108,Ingore,Cacheu,Ingore,4703905.0,2018-08-03 14:27:42,,Improved,,,Tubewell / borehole,"Yes, observed",,,Yes,,Yes,,"Yes, at least one usable improved toilet",,Yes,,Limited,,Yes,,Yes,,,,,,,,,No,,,No,,Limited,,Yes,,Yes,"Yes, and it works",Solar pump from own waterpoint,4.0,PVC,"Yes, water comes from at least one tap",32.0,14.0,,,,,,,,,,,,,0.0,Yes,Solar,None,4.0,4.0,,,,,,,,
Fredrik Asplund-6T99YZ081,Bissora,Oio,Bissora,4703352.0,2018-08-03 14:27:42,Basic,Improved,,Water is available on premises,Tubewell / borehole,"Yes, observed",On premises,Limited,No,No,Yes,No,"No, improved toilets are present but not usable","No, there are no female-only toilets",Yes,No,Limited,No,Yes,"No, hand hygiene stations are available but not functional, or lacking materials",Yes,Limited,,Unsafe,Unsafe,Bins are present but don't meet all requirements,Open burning,Open burning,,No,,,No,,Limited,No,Yes,"No, hand hygiene stations are available but not functional, or lacking materials",Yes,"Yes, and it works",Solar pump from own waterpoint,10.0,PVC,"Yes, water comes from at least one tap",20.0,8.0,,,,,,,,,,,,,0.0,Yes,Solar,None,36.0,36.0,,,,,,,,
Fredrik Asplund-6T99YZ013,Co,Cacheu,Co,4703802.0,2018-08-03 14:27:42,,Improved,,,Tubewell / borehole,No ,,Limited,Yes,,No,,"Yes, at least one usable improved toilet",,No,,,,No,,"No, no handwashing facilities are available",,,,,,,,,No,,,No,,,,No,,"No, no handwashing facilities are available","Yes, but it does not work",Solar pump from own waterpoint,6.0,Metal,"No, the tap inside does not give water",14.0,,,,,,,,,,,,,,0.0,Yes,Solar,None,14.0,14.0,,,,,,,,
Fredrik Asplund-6T99YZ075,Bigene,Cacheu,Bigene,4703730.0,2018-08-03 14:27:42,Limited,Improved,,Water is available on premises,Tubewell / borehole,No ,On premises,Limited,Yes,No,No,No,"Yes, at least one usable improved toilet","No, there are no female-only toilets",No,No,No service,No,No,"No, hand hygiene stations are available but not functional, or lacking materials","No, handwashing facilities are available but not functional, or lacking soap and/or water",Limited,,Unsafe,Unsafe,Bins are present but don't meet all requirements,Open burning,Open burning,,No,,,No,,No service,No,No,"No, hand hygiene stations are available but not functional, or lacking materials","No, handwashing facilities are available but not functional, or lacking soap and/or water","Yes, but it does not work",Solar pump from own waterpoint,4.0,Metal,"No, the tap inside does not give water",20.0,,,,,,,,,,,,,,0.0,"Yes, but it does not work",Solar,None,10.0,5.0,,,,,,,,
Fredrik Asplund-6T99YZ007,Pecixe,Cacheu,Pecixe ,436164.0,2018-08-03 14:27:42,,Improved,,,Protected dug well,No ,,Limited,Yes,,No,,"Yes, at least one usable improved toilet",,No,,,,No,,"No, no handwashing facilities are available",,,,,,,,,No,,,No,,,,No,,"No, no handwashing facilities are available",No,,,,No taps inside,,,,,,,,,,,,,,,0.0,Yes,Solar,None,5.0,5.0,,,,,,,,
Fredrik Asplund-6T99YZ114,Jemberem,Tombali,Calaque,4704195.0,2018-08-03 14:27:42,No service,Improved,1.0,,Tubewell / borehole,No ,No water source available,Limited,No,,Yes,,"No, improved toilets are present but not usable",,Yes,,Limited,,Yes,,Yes,,,,,,,,,No,,,No,,Limited,,Yes,,Yes,No,,,,No taps inside,,,,,,,,,,,,,,,0.0,No,,,,,,,,,,,,
Fredrik Asplund-6T99YZ112,Gabu,Gabu,Gabu,4703819.0,2018-08-03 14:27:42,Basic,Improved,,Water is available on premises,Tubewell / borehole,"Yes, observed",On premises,Basic,Yes,Yes,Yes,Yes,"Yes, at least one usable improved toilet",Yes,Yes,Yes,Basic,Yes,Yes,Yes,Yes,Limited,,Safe,Safe,Bins are present but don't meet all requirements,"Incinerated (two chamber, 850-1000C incinerator)","Incinerated (two chamber, 850-1000C incinerator)",,No,,,No,,Basic,Yes,Yes,Yes,Yes,"Yes, and it works",Solar pump from own waterpoint,10.0,Cement,"Yes, water comes from at least one tap",20.0,20.0,2018-01-01,,,,,,,,,,,,1.0,Yes,Solar,Generator,90.0,90.0,2018-01-01,9.0,,,,,2018-01-01,IMVF
Fredrik Asplund-6T99YZ044,Soga,Bijagos,Soga,435950.0,2018-08-03 14:27:42,,Improved,,,Protected dug well,No ,,,Yes,,Yes,,"Yes, at least one usable improved toilet",,Yes,,Limited,,Yes,,Yes,,,,,,,,,No,,,No,,Limited,,Yes,,Yes,"Yes, but it does not work",Electrical pump (Grid/generator) from own waterpoint,1.0,Cement,"No, the tap inside does not give water",4.0,,,,,,,,,,,,,,0.0,No,,,,,,,,,,,,
Fredrik Asplund-6T99YZ030,Caboxangue,Tombali,Bedanda,4704322.0,2018-08-03 14:27:42,,Improved,,,Tubewell / borehole,"Yes, observed",,No service,No,,No,,"No, unimproved or no toilets at the facility",,No,,,,,,,,,,,,,,,No,,,No,,,,,,,"Yes, and it works",Solar pump from own waterpoint,4.0,PEAD,"Yes, water comes from at least one tap",6.0,6.0,,,,,,,,,,,,,0.0,Yes,Solar,None,7.0,7.0,,,,,,,,
Fredrik Asplund-6T99YZ094,CMI Sao Domingos,Cacheu,Sao Domingas ,4704339.0,2018-08-03 14:27:42,Basic,Improved,,Water is available on premises,Tubewell / borehole,"Yes, observed",On premises,Limited,Yes,No,Yes,No,"Yes, at least one usable improved toilet","No, there are no female-only toilets",Yes,No,Basic,Yes,Yes,Yes,Yes,Limited,,Safe,Safe,Bins are present but don't meet all requirements,Incinerated (brick incinerator),Incinerated (brick incinerator),,No,,,No,,Basic,Yes,Yes,Yes,Yes,"Yes, and it works",Solar pump from own waterpoint,2.0,PVC,"Yes, water comes from at least one tap",20.0,17.0,,,,,,,,,,,,,0.0,Yes,Solar,None,9.0,9.0,,,,,,,,
Fredrik Asplund-6T99YZ070,Bedanda,Tombali,Bedanda,4704188.0,2018-08-03 14:27:42,Basic,Improved,,Water is available on premises,Tubewell / borehole,"Yes, observed",On premises,No service,No,,Yes,,"No, unimproved or no toilets at the facility",,Yes,,Basic,Yes,Yes,Yes,Yes,Limited,,Safe,Safe,Bins are present but don't meet all requirements,Incinerated (brick incinerator),Incinerated (brick incinerator),,No,,,No,,Basic,Yes,Yes,Yes,Yes,"Yes, and it works",Electrical pump (Grid/generator) from own waterpoint,4.0,PEAD,"Yes, water comes from at least one tap",5.0,5.0,,,,,,,,,,,,,0.0,Yes,Generator,None,20.0,20.0,,,,,,,,
Fredrik Asplund-6T99YZ043,Djabado-Porto,Quinara,Brandao,4703936.0,2018-08-03 14:27:42,,Improved,,,Protected dug well,No ,,Limited,Yes,,No,,"Yes, at least one usable improved toilet",,No,,Limited,,Yes,,Yes,,,,,,,,,No,,,No,,Limited,,Yes,,Yes,"Yes, but it does not work",Solar pump from own waterpoint,1.0,Cement,"No, the tap inside does not give water",6.0,,,,,,,,,,,,,,0.0,"Yes, but it does not work",Solar,None,9.0,2.0,,,,,,,,
Fredrik Asplund-6T99YZ093,Cassumba,Tombali,Cacine,4703651.0,2018-08-03 14:27:42,,Improved,,,Tubewell / borehole,"Yes, observed",,No service,No,,No,,"No, unimproved or no toilets at the facility",,No,,,,,,,,,,,,,,,No,,,No,,,,,,,"Yes, and it works",Hand pump to tank from own waterpoint ,4.0,PEAD,"No, the tap inside does not give water",5.0,,,,,,,,,,,,,,0.0,No,,,,,,,,,,,,
Fredrik Asplund-6T99YZ129,Sedengal,Cacheu,Sedengal,4704236.0,2018-08-03 14:27:42,Limited,Improved,,Water is available on premises,Tubewell / borehole,No ,On premises,Limited,Yes,No,No,No,"Yes, at least one usable improved toilet","No, female-only toilets do not have menstrual hygiene facilities",No,No,No service,No,No,"No, hand hygiene stations are available but not functional, or lacking materials","No, no handwashing facilities are available",Limited,,Unsafe,Unsafe,Bins are present but don't meet all requirements,Open burning,Open burning,,No,,,No,,No service,No,No,"No, hand hygiene stations are available but not functional, or lacking materials","No, no handwashing facilities are available","Yes, but it does not work",Directly from grid,3.75,Metal,"No, the tap inside does not give water",5.0,,,,,,,,,,,,,,0.0,No,,,,,,,,,,,,
Fredrik Asplund-6T99YZ002,Canjufa,Gabu,Canjufa,436054.0,2018-08-03 14:27:42,,Improved,,,Tubewell / borehole,"Yes, observed",,No service,No,,Yes,,"No, unimproved or no toilets at the facility",,Yes,,Limited,,Yes,,Yes,,,,,,,,,No,,,No,,Limited,,Yes,,Yes,"Yes, and it works",Solar pump from own waterpoint,5.0,PEAD,"Yes, water comes from at least one tap",6.0,4.0,,,,,,,,,,,,,0.0,"Yes, but it does not work",Solar,None,16.0,16.0,,,,,,,,
Fredrik Asplund-7FUCQ9,Posto de saude ilha de Meio,Tombali,Calaque,461627.0,2019-04-10 13:46:47,No service,Unimproved,,Water is available on premises,Unprotected dug well,"Yes, observed",On premises,Limited,No,No,No,No,"No, improved toilets are present but not usable","No, female-only toilets do not have menstrual hygiene facilities",No,No,No service,No,No,"No, no hand hygiene stations are available","No, no handwashing facilities are available",No service,No,Unsafe,Unsafe,No,Open burning,Open burning,,No,,,No,,No service,No,No,"No, no hand hygiene stations are available","No, no handwashing facilities are available",No,,,,No taps inside,,,2006-01-01,,,,,,2006-01-01,,,,,,0.0,"Yes, but it does not work",Solar,None,5.0,,2006-01-01,1.0,,2006-01-01,,,2006-01-01,Other (please fill name in next column)
Isa.lopes7-82Q5C4,Hospital Principal Militar,SAB,Other (please specify),7838756.0,2019-11-28 14:32:48,Basic,Improved,,Water is available on premises,Piped water inside Health Center,"Yes, observed",On premises,Limited,Yes,No,Yes,Yes,"Yes, at least one usable improved toilet","No, female-only toilets do not have menstrual hygiene facilities",Yes,Yes,Basic,Yes,Yes,Yes,Yes,No service,Yes,Unsafe,Unsafe,Yes,Not treated and added to general waste,Not treated and added to general waste,2.0,No,"No, some but not all have been trained",2.0,No,"No, some but not all have been trained",Basic,Yes,Yes,Yes,Yes,"Yes, and it works",Electrical pump (Grid/generator) from own waterpoint,15.0,Cement,"Yes, water comes from at least one tap",100.0,80.0,2013-01-01,,,,2019-01-01,2019-01-01,2019-01-01,,,2019-01-01,2019-01-01,,5.0,Yes,Grid,Generator,500.0,230.0,,,,,,,2013-01-01,Don't know
Isa.lopes7-83XMMM,Brandao Health Facility,Quinara,Brandao,86688750.0,2019-12-10 13:37:06,Basic,Improved,,Water is available on premises,Tubewell / borehole,"Yes, observed",On premises,Limited,No,No,No,No,"No, improved toilets are present but not usable","No, female-only toilets do not have menstrual hygiene facilities",No,No,No service,No,No,"No, no hand hygiene stations are available","No, no handwashing facilities are available",Limited,,Safe,Safe,Bins are present but don't meet all requirements,"Incinerated (two chamber, 850-1000C incinerator)","Incinerated (two chamber, 850-1000C incinerator)",1.0,No,"No, none have been trained",1.0,No,"No, none have been trained",No service,No,No,"No, no hand hygiene stations are available","No, no handwashing facilities are available","Yes, and it works",Solar pump from own waterpoint,4.0,PEAD,"Yes, water comes from at least one tap",6.0,5.0,2018-01-01,,2019-01-01,,2019-01-01,2019-01-01,2019-01-01,,2019-01-01,2019-01-01,2019-01-01,,8.0,Yes,Solar,None,9.0,8.0,2018-01-01,16.0,,2018-01-01,4.0,250.0,2018-01-01,UNICEF
Isa.lopes7-842CUR,Mato Faroba Health Facility,Tombali,Catio,86688808.0,2019-12-11 14:31:11,Basic,Improved,,Water is available on premises,Tubewell / borehole,"Yes, observed",On premises,Limited,Yes,No,Yes,No,"Yes, at least one usable improved toilet","No, there are no female-only toilets",Yes,No,No service,No,No,"No, hand hygiene stations are available but not functional, or lacking materials","No, handwashing facilities are available but not functional, or lacking soap and/or water",Limited,,Safe,Safe,Bins are present but don't meet all requirements,"Incinerated (two chamber, 850-1000C incinerator)","Incinerated (two chamber, 850-1000C incinerator)",1.0,No,"No, none have been trained",1.0,No,"No, none have been trained",No service,No,No,"No, hand hygiene stations are available but not functional, or lacking materials","No, handwashing facilities are available but not functional, or lacking soap and/or water","Yes, and it works",Solar pump from own waterpoint,4.0,PEAD,"Yes, water comes from at least one tap",8.0,8.0,2018-01-01,,2019-01-01,2019-01-01,2019-01-01,2019-01-01,2019-01-01,,2019-01-01,2019-01-01,2019-01-01,,9.0,Yes,Solar,None,9.0,5.0,2018-01-01,6.0,270.0,2018-01-01,4.0,250.0,2018-01-01,Don't know
Isa.lopes7-842UZ2,Dar-Es-Salam Health Facility,Quinara,Dar-Es-Salam,86688846.0,2019-12-11 18:55:08,Limited,Improved,,Water is available on premises,Tubewell / borehole,No ,On premises,Limited,Yes,No,No,Yes,"Yes, at least one usable improved toilet","No, there are no female-only toilets",No,Yes,No service,No,No,"No, hand hygiene stations are available but not functional, or lacking materials","No, handwashing facilities are available but not functional, or lacking soap and/or water",Limited,,Safe,Safe,Bins are present but don't meet all requirements,"Incinerated (two chamber, 850-1000C incinerator)","Incinerated (two chamber, 850-1000C incinerator)",1.0,No,"No, none have been trained",1.0,No,"No, none have been trained",No service,No,No,"No, hand hygiene stations are available but not functional, or lacking materials","No, handwashing facilities are available but not functional, or lacking soap and/or water","Yes, but it does not work",Solar pump from own waterpoint,4.0,PEAD,"Yes, water comes from at least one tap",6.0,6.0,2015-01-01,2018-01-01,2018-01-01,2018-01-01,2019-01-01,2019-01-01,2019-01-01,2019-01-01,2019-01-01,2019-01-01,2019-01-01,,10.0,Yes,Solar,None,11.0,11.0,2018-01-01,4.0,270.0,2018-01-01,4.0,250.0,2015-01-01,UNICEF
Isa.lopes7-844N98,Cassca Health Facility,Tombali,Cacine,86688860.0,2019-12-12 11:42:28,Basic,Improved,,Water is available on premises,Tubewell / borehole,"Yes, observed",On premises,Limited,Yes,No,No,No,"Yes, at least one usable improved toilet","No, there are no female-only toilets",No,No,No service,No,No,"No, hand hygiene stations are available but not functional, or lacking materials","No, handwashing facilities are available but not functional, or lacking soap and/or water",Limited,,Safe,Safe,Bins are present but don't meet all requirements,"Incinerated (two chamber, 850-1000C incinerator)","Incinerated (two chamber, 850-1000C incinerator)",1.0,No,"No, none have been trained",1.0,No,"No, none have been trained",No service,No,No,"No, hand hygiene stations are available but not functional, or lacking materials","No, handwashing facilities are available but not functional, or lacking soap and/or water","Yes, and it works",Solar pump from own waterpoint,4.0,PEAD,"Yes, water comes from at least one tap",8.0,8.0,,2019-01-01,2019-01-01,2019-01-01,2019-01-01,2019-01-01,2019-01-01,,,2019-01-01,2019-01-01,,8.0,Yes,Solar,None,11.0,9.0,2018-01-01,6.0,270.0,2018-01-01,4.0,250.0,,
Isa.lopes7-8456KT,Calaque Health Facility,Tombali,Calaque,86688891.0,2019-12-12 15:43:14,Basic,Improved,,Water is available on premises,Tubewell / borehole,"Yes, observed",On premises,Limited,Yes,No,Yes,Yes,"Yes, at least one usable improved toilet","No, female-only toilets do not have menstrual hygiene facilities",Yes,Yes,No service,No,No,"No, hand hygiene stations are available but not functional, or lacking materials","No, no handwashing facilities are available",Basic,Yes,Safe,Safe,Yes,"Incinerated (two chamber, 850-1000C incinerator)","Incinerated (two chamber, 850-1000C incinerator)",,No,"Yes, all have been trained",,No,"Yes, all have been trained",No service,No,No,"No, hand hygiene stations are available but not functional, or lacking materials","No, no handwashing facilities are available","Yes, but it does not work",Solar pump from own waterpoint,4.0,PEAD,"Yes, water comes from at least one tap",7.0,7.0,2018-01-01,2016-01-01,,2018-01-01,2019-01-01,2019-01-01,2019-01-01,,,2019-01-01,2019-01-01,,7.0,Yes,Solar,None,10.0,6.0,2018-01-01,6.0,250.0,2018-01-01,4.0,220.0,2018-01-01,UNICEF
Isa.lopes7-83VFJ3,Quebo Health Facility,Tombali,Quebo,86688695.0,2019-12-13 12:39:16,Basic,Improved,,Water is available on premises,Piped water inside Health Center,"Yes, observed",On premises,No service,No,,Yes,,"No, unimproved or no toilets at the facility",,Yes,,No service,No,No,"No, hand hygiene stations are available but not functional, or lacking materials","No, handwashing facilities are available but not functional, or lacking soap and/or water",Limited,,Safe,Safe,Bins are present but don't meet all requirements,"Incinerated (two chamber, 850-1000C incinerator)","Incinerated (two chamber, 850-1000C incinerator)",1.0,No,"No, none have been trained",1.0,No,"No, none have been trained",No service,No,No,"No, hand hygiene stations are available but not functional, or lacking materials","No, handwashing facilities are available but not functional, or lacking soap and/or water","Yes, and it works",Solar pump from own waterpoint,4.0,PEAD,"Yes, water comes from at least one tap",8.0,8.0,2019-01-01,,,,,2019-01-01,,,,2015-01-01,2015-01-01,,2.0,Yes,Solar,None,25.0,25.0,2015-01-01,16.0,260.0,2019-01-01,4.0,250.0,2019-01-01,Other (please fill name in next column)
Isa.lopes7-82SS8H,Farim,Farim,Farim,4703778.0,2019-12-23 16:43:08,Basic,Improved,,Water is available on premises,Piped water inside Health Center,"Yes, observed",On premises,No service,No,,No,,"No, unimproved or no toilets at the facility",,No,,No service,No,No,"No, hand hygiene stations are available but not functional, or lacking materials","No, handwashing facilities are available but not functional, or lacking soap and/or water",Limited,,Safe,Safe,Bins are present but don't meet all requirements,"Incinerated (two chamber, 850-1000C incinerator)","Incinerated (two chamber, 850-1000C incinerator)",1.0,No,"No, none have been trained",1.0,No,"No, none have been trained",No service,No,No,"No, hand hygiene stations are available but not functional, or lacking materials","No, handwashing facilities are available but not functional, or lacking soap and/or water",,Solar pump from own waterpoint,8.0,PEAD,No taps inside,,,,,,,2019-01-01,2019-01-01,2011-01-01,2012-01-01,2019-01-01,2012-01-01,2012-01-01,,3.0,"Yes, but it does not work",Grid,None,45.0,21.0,,,,,,,,Don't know
Isa.lopes7-82V7MB,Safim Heath Center,Biombo,Safim,86688420.0,2019-12-23 17:35:59,Limited,Improved,,Water is available on premises,Piped water outside Health Center,No ,On premises,No service,No,,Yes,,"No, unimproved or no toilets at the facility",,Yes,,Limited,Yes,No,Yes,"No, no handwashing facilities are available",No service,No,Unsafe,Unsafe,No,Open burning,Open burning,1.0,No,"No, none have been trained",1.0,No,"No, none have been trained",Limited,Yes,No,Yes,"No, no handwashing facilities are available","Yes, but it does not work",Solar pump from own waterpoint,12.0,Metal,"No, the tap inside does not give water",8.0,,2019-01-01,,,2019-01-01,2019-01-01,2019-01-01,2019-01-01,,2018-01-01,2019-01-01,2019-01-01,2019-01-01,9.0,Yes,Solar,None,14.0,7.0,2019-01-01,12.0,260.0,2019-01-01,8.0,265.0,2019-01-01,Other (please fill name in next column)
